Id,Date,DayLongName,MonthLongName,CalendarDay,CalendarWeek,CalendarDayInWeek,CalendarMonth,CalendarDayInMonth,CalendarQuarter,CalendarDayInQuarter,CalendarYear,CalendarNumberOfDaysInYear,FiscalDay,FiscalWeek,FiscalDayInWeek,FiscalMonth,FiscalDayInMonth,FiscalQuarter,FiscalDayInQuarter,FiscalYear
"1","2022-01-13","Thursday","January","13","2","4","1","13","1","13","2022","365","-1","-1","-1","1","13","1","13","2022"
"2","2022-01-14","Friday","January","14","2","5","1","14","1","14","2022","365","-1","-1","-1","1","14","1","14","2022"
"3","2022-01-15","Saturday","January","15","2","6","1","15","1","15","2022","365","-1","-1","-1","1","15","1","15","2022"
"4","2022-01-16","Sunday","January","16","2","7","1","16","1","16","2022","365","-1","-1","-1","1","16","1","16","2022"
"5","2022-01-17","Monday","January","17","3","1","1","17","1","17","2022","365","-1","-1","-1","1","17","1","17","2022"
"6","2022-01-18","Tuesday","January","18","3","2","1","18","1","18","2022","365","-1","-1","-1","1","18","1","18","2022"
"7","2022-01-19","Wednesday","January","19","3","3","1","19","1","19","2022","365","-1","-1","-1","1","19","1","19","2022"
"8","2022-01-20","Thursday","January","20","3","4","1","20","1","20","2022","365","-1","-1","-1","1","20","1","20","2022"
"9","2022-01-21","Friday","January","21","3","5","1","21","1","21","2022","365","-1","-1","-1","1","21","1","21","2022"
"10","2022-01-22","Saturday","January","22","3","6","1","22","1","22","2022","365","-1","-1","-1","1","22","1","22","2022"
"11","2022-01-23","Sunday","January","23","3","7","1","23","1","23","2022","365","-1","-1","-1","1","23","1","23","2022"
"12","2022-01-24","Monday","January","24","4","1","1","24","1","24","2022","365","-1","-1","-1","1","24","1","24","2022"
"13","2022-01-25","Tuesday","January","25","4","2","1","25","1","25","2022","365","-1","-1","-1","1","25","1","25","2022"
"14","2022-01-26","Wednesday","January","26","4","3","1","26","1","26","2022","365","-1","-1","-1","1","26","1","26","2022"
"15","2022-01-27","Thursday","January","27","4","4","1","27","1","27","2022","365","-1","-1","-1","1","27","1","27","2022"
"16","2022-01-28","Friday","January","28","4","5","1","28","1","28","2022","365","-1","-1","-1","1","28","1","28","2022"
"17","2022-01-29","Saturday","January","29","4","6","1","29","1","29","2022","365","-1","-1","-1","1","29","1","29","2022"
"18","2022-01-30","Sunday","January","30","4","7","1","30","1","30","2022","365","-1","-1","-1","1","30","1","30","2022"
"19","2022-01-31","Monday","January","31","5","1","1","31","1","31","2022","365","-1","-1","-1","1","31","1","31","2022"
"89","2022-02-01","Tuesday","February","32","5","2","2","1","1","32","2022","365","-1","-1","-1","2","1","1","32","2022"
"90","2022-02-02","Wednesday","February","33","5","3","2","2","1","33","2022","365","-1","-1","-1","2","2","1","33","2022"
"91","2022-02-03","Thursday","February","34","5","4","2","3","1","34","2022","365","-1","-1","-1","2","3","1","34","2022"
"92","2022-02-04","Friday","February","35","5","5","2","4","1","35","2022","365","-1","-1","-1","2","4","1","35","2022"
"93","2022-02-05","Saturday","February","36","5","6","2","5","1","36","2022","365","-1","-1","-1","2","5","1","36","2022"
"94","2022-02-06","Sunday","February","37","5","7","2","6","1","37","2022","365","-1","-1","-1","2","6","1","37","2022"
"95","2022-02-07","Monday","February","38","6","1","2","7","1","38","2022","365","-1","-1","-1","2","7","1","38","2022"
"96","2022-02-08","Tuesday","February","39","6","2","2","8","1","39","2022","365","-1","-1","-1","2","8","1","39","2022"
"97","2022-02-09","Wednesday","February","40","6","3","2","9","1","40","2022","365","-1","-1","-1","2","9","1","40","2022"
"98","2022-02-10","Thursday","February","41","6","4","2","10","1","41","2022","365","-1","-1","-1","2","10","1","41","2022"
"99","2022-02-11","Friday","February","42","6","5","2","11","1","42","2022","365","-1","-1","-1","2","11","1","42","2022"
"100","2022-02-12","Saturday","February","43","6","6","2","12","1","43","2022","365","-1","-1","-1","2","12","1","43","2022"
"101","2022-02-13","Sunday","February","44","6","7","2","13","1","44","2022","365","-1","-1","-1","2","13","1","44","2022"
"102","2022-02-14","Monday","February","45","7","1","2","14","1","45","2022","365","-1","-1","-1","2","14","1","45","2022"
"103","2022-02-15","Tuesday","February","46","7","2","2","15","1","46","2022","365","-1","-1","-1","2","15","1","46","2022"
"104","2022-02-16","Wednesday","February","47","7","3","2","16","1","47","2022","365","-1","-1","-1","2","16","1","47","2022"
"105","2022-02-17","Thursday","February","48","7","4","2","17","1","48","2022","365","-1","-1","-1","2","17","1","48","2022"
"106","2022-02-18","Friday","February","49","7","5","2","18","1","49","2022","365","-1","-1","-1","2","18","1","49","2022"
"107","2022-02-19","Saturday","February","50","7","6","2","19","1","50","2022","365","-1","-1","-1","2","19","1","50","2022"
"108","2022-02-20","Sunday","February","51","7","7","2","20","1","51","2022","365","-1","-1","-1","2","20","1","51","2022"
"109","2022-02-21","Monday","February","52","8","1","2","21","1","52","2022","365","-1","-1","-1","2","21","1","52","2022"
"110","2022-02-22","Tuesday","February","53","8","2","2","22","1","53","2022","365","-1","-1","-1","2","22","1","53","2022"
"111","2022-02-23","Wednesday","February","54","8","3","2","23","1","54","2022","365","-1","-1","-1","2","23","1","54","2022"
"112","2022-02-24","Thursday","February","55","8","4","2","24","1","55","2022","365","-1","-1","-1","2","24","1","55","2022"
"113","2022-02-25","Friday","February","56","8","5","2","25","1","56","2022","365","-1","-1","-1","2","25","1","56","2022"
"114","2022-02-26","Saturday","February","57","8","6","2","26","1","57","2022","365","-1","-1","-1","2","26","1","57","2022"
"115","2022-02-27","Sunday","February","58","8","7","2","27","1","58","2022","365","-1","-1","-1","2","27","1","58","2022"
"116","2022-02-28","Monday","February","59","9","1","2","28","1","59","2022","365","-1","-1","-1","2","28","1","59","2022"
"189","2022-03-01","Tuesday","March","60","9","2","3","1","1","60","2022","365","-1","-1","-1","3","1","1","60","2022"
"190","2022-03-02","Wednesday","March","61","9","3","3","2","1","61","2022","365","-1","-1","-1","3","2","1","61","2022"
"191","2022-03-03","Thursday","March","62","9","4","3","3","1","62","2022","365","-1","-1","-1","3","3","1","62","2022"
"192","2022-03-04","Friday","March","63","9","5","3","4","1","63","2022","365","-1","-1","-1","3","4","1","63","2022"
"193","2022-03-05","Saturday","March","64","9","6","3","5","1","64","2022","365","-1","-1","-1","3","5","1","64","2022"
"194","2022-03-06","Sunday","March","65","9","7","3","6","1","65","2022","365","-1","-1","-1","3","6","1","65","2022"
"195","2022-03-07","Monday","March","66","10","1","3","7","1","66","2022","365","-1","-1","-1","3","7","1","66","2022"
"196","2022-03-08","Tuesday","March","67","10","2","3","8","1","67","2022","365","-1","-1","-1","3","8","1","67","2022"
"197","2022-03-09","Wednesday","March","68","10","3","3","9","1","68","2022","365","-1","-1","-1","3","9","1","68","2022"
"198","2022-03-10","Thursday","March","69","10","4","3","10","1","69","2022","365","-1","-1","-1","3","10","1","69","2022"
"199","2022-03-11","Friday","March","70","10","5","3","11","1","70","2022","365","-1","-1","-1","3","11","1","70","2022"
"200","2022-03-12","Saturday","March","71","10","6","3","12","1","71","2022","365","-1","-1","-1","3","12","1","71","2022"
"201","2022-03-13","Sunday","March","72","10","7","3","13","1","72","2022","365","-1","-1","-1","3","13","1","72","2022"
"202","2022-03-14","Monday","March","73","11","1","3","14","1","73","2022","365","-1","-1","-1","3","14","1","73","2022"
"203","2022-03-15","Tuesday","March","74","11","2","3","15","1","74","2022","365","-1","-1","-1","3","15","1","74","2022"
"204","2022-03-16","Wednesday","March","75","11","3","3","16","1","75","2022","365","-1","-1","-1","3","16","1","75","2022"
"205","2022-03-17","Thursday","March","76","11","4","3","17","1","76","2022","365","-1","-1","-1","3","17","1","76","2022"
"206","2022-03-18","Friday","March","77","11","5","3","18","1","77","2022","365","-1","-1","-1","3","18","1","77","2022"
"207","2022-03-19","Saturday","March","78","11","6","3","19","1","78","2022","365","-1","-1","-1","3","19","1","78","2022"
"208","2022-03-20","Sunday","March","79","11","7","3","20","1","79","2022","365","-1","-1","-1","3","20","1","79","2022"
"209","2022-03-21","Monday","March","80","12","1","3","21","1","80","2022","365","-1","-1","-1","3","21","1","80","2022"
"210","2022-03-22","Tuesday","March","81","12","2","3","22","1","81","2022","365","-1","-1","-1","3","22","1","81","2022"
"211","2022-03-23","Wednesday","March","82","12","3","3","23","1","82","2022","365","-1","-1","-1","3","23","1","82","2022"
"212","2022-03-24","Thursday","March","83","12","4","3","24","1","83","2022","365","-1","-1","-1","3","24","1","83","2022"
"213","2022-03-25","Friday","March","84","12","5","3","25","1","84","2022","365","-1","-1","-1","3","25","1","84","2022"
"214","2022-03-26","Saturday","March","85","12","6","3","26","1","85","2022","365","-1","-1","-1","3","26","1","85","2022"
"215","2022-03-27","Sunday","March","86","12","7","3","27","1","86","2022","365","-1","-1","-1","3","27","1","86","2022"
"216","2022-03-28","Monday","March","87","13","1","3","28","1","87","2022","365","-1","-1","-1","3","28","1","87","2022"
"217","2022-03-29","Tuesday","March","88","13","2","3","29","1","88","2022","365","-1","-1","-1","3","29","1","88","2022"
"218","2022-03-30","Wednesday","March","89","13","3","3","30","1","89","2022","365","-1","-1","-1","3","30","1","89","2022"
"219","2022-03-31","Thursday","March","90","13","4","3","31","1","90","2022","365","-1","-1","-1","3","31","1","90","2022"
"289","2022-04-01","Friday","April","91","13","5","4","1","2","1","2022","365","-1","-1","-1","4","1","2","1","2022"
"290","2022-04-02","Saturday","April","92","13","6","4","2","2","2","2022","365","-1","-1","-1","4","2","2","2","2022"
"291","2022-04-03","Sunday","April","93","13","7","4","3","2","3","2022","365","-1","-1","-1","4","3","2","3","2022"
"292","2022-04-04","Monday","April","94","14","1","4","4","2","4","2022","365","-1","-1","-1","4","4","2","4","2022"
"293","2022-04-05","Tuesday","April","95","14","2","4","5","2","5","2022","365","-1","-1","-1","4","5","2","5","2022"
"294","2022-04-06","Wednesday","April","96","14","3","4","6","2","6","2022","365","-1","-1","-1","4","6","2","6","2022"
"295","2022-04-07","Thursday","April","97","14","4","4","7","2","7","2022","365","-1","-1","-1","4","7","2","7","2022"
"296","2022-04-08","Friday","April","98","14","5","4","8","2","8","2022","365","-1","-1","-1","4","8","2","8","2022"
"297","2022-04-09","Saturday","April","99","14","6","4","9","2","9","2022","365","-1","-1","-1","4","9","2","9","2022"
"298","2022-04-10","Sunday","April","100","14","7","4","10","2","10","2022","365","-1","-1","-1","4","10","2","10","2022"
"299","2022-04-11","Monday","April","101","15","1","4","11","2","11","2022","365","-1","-1","-1","4","11","2","11","2022"
"300","2022-04-12","Tuesday","April","102","15","2","4","12","2","12","2022","365","-1","-1","-1","4","12","2","12","2022"
"301","2022-04-13","Wednesday","April","103","15","3","4","13","2","13","2022","365","-1","-1","-1","4","13","2","13","2022"
"302","2022-04-14","Thursday","April","104","15","4","4","14","2","14","2022","365","-1","-1","-1","4","14","2","14","2022"
"303","2022-04-15","Friday","April","105","15","5","4","15","2","15","2022","365","-1","-1","-1","4","15","2","15","2022"
"304","2022-04-16","Saturday","April","106","15","6","4","16","2","16","2022","365","-1","-1","-1","4","16","2","16","2022"
"305","2022-04-17","Sunday","April","107","15","7","4","17","2","17","2022","365","-1","-1","-1","4","17","2","17","2022"
"306","2022-04-18","Monday","April","108","16","1","4","18","2","18","2022","365","-1","-1","-1","4","18","2","18","2022"
"307","2022-04-19","Tuesday","April","109","16","2","4","19","2","19","2022","365","-1","-1","-1","4","19","2","19","2022"
"308","2022-04-20","Wednesday","April","110","16","3","4","20","2","20","2022","365","-1","-1","-1","4","20","2","20","2022"
"309","2022-04-21","Thursday","April","111","16","4","4","21","2","21","2022","365","-1","-1","-1","4","21","2","21","2022"
"310","2022-04-22","Friday","April","112","16","5","4","22","2","22","2022","365","-1","-1","-1","4","22","2","22","2022"
"311","2022-04-23","Saturday","April","113","16","6","4","23","2","23","2022","365","-1","-1","-1","4","23","2","23","2022"
"312","2022-04-24","Sunday","April","114","16","7","4","24","2","24","2022","365","-1","-1","-1","4","24","2","24","2022"
"313","2022-04-25","Monday","April","115","17","1","4","25","2","25","2022","365","-1","-1","-1","4","25","2","25","2022"
"314","2022-04-26","Tuesday","April","116","17","2","4","26","2","26","2022","365","-1","-1","-1","4","26","2","26","2022"
"315","2022-04-27","Wednesday","April","117","17","3","4","27","2","27","2022","365","-1","-1","-1","4","27","2","27","2022"
"316","2022-04-28","Thursday","April","118","17","4","4","28","2","28","2022","365","-1","-1","-1","4","28","2","28","2022"
"317","2022-04-29","Friday","April","119","17","5","4","29","2","29","2022","365","-1","-1","-1","4","29","2","29","2022"
"318","2022-04-30","Saturday","April","120","17","6","4","30","2","30","2022","365","-1","-1","-1","4","30","2","30","2022"
"389","2022-05-01","Sunday","May","121","17","7","5","1","2","31","2022","365","-1","-1","-1","5","1","2","31","2022"
"390","2022-05-02","Monday","May","122","18","1","5","2","2","32","2022","365","-1","-1","-1","5","2","2","32","2022"
"391","2022-05-03","Tuesday","May","123","18","2","5","3","2","33","2022","365","-1","-1","-1","5","3","2","33","2022"
"392","2022-05-04","Wednesday","May","124","18","3","5","4","2","34","2022","365","-1","-1","-1","5","4","2","34","2022"
"393","2022-05-05","Thursday","May","125","18","4","5","5","2","35","2022","365","-1","-1","-1","5","5","2","35","2022"
"394","2022-05-06","Friday","May","126","18","5","5","6","2","36","2022","365","-1","-1","-1","5","6","2","36","2022"
"395","2022-05-07","Saturday","May","127","18","6","5","7","2","37","2022","365","-1","-1","-1","5","7","2","37","2022"
"396","2022-05-08","Sunday","May","128","18","7","5","8","2","38","2022","365","-1","-1","-1","5","8","2","38","2022"
"397","2022-05-09","Monday","May","129","19","1","5","9","2","39","2022","365","-1","-1","-1","5","9","2","39","2022"
"398","2022-05-10","Tuesday","May","130","19","2","5","10","2","40","2022","365","-1","-1","-1","5","10","2","40","2022"
"399","2022-05-11","Wednesday","May","131","19","3","5","11","2","41","2022","365","-1","-1","-1","5","11","2","41","2022"
"400","2022-05-12","Thursday","May","132","19","4","5","12","2","42","2022","365","-1","-1","-1","5","12","2","42","2022"
"401","2022-05-13","Friday","May","133","19","5","5","13","2","43","2022","365","-1","-1","-1","5","13","2","43","2022"
"402","2022-05-14","Saturday","May","134","19","6","5","14","2","44","2022","365","-1","-1","-1","5","14","2","44","2022"
"403","2022-05-15","Sunday","May","135","19","7","5","15","2","45","2022","365","-1","-1","-1","5","15","2","45","2022"
"404","2022-05-16","Monday","May","136","20","1","5","16","2","46","2022","365","-1","-1","-1","5","16","2","46","2022"
"405","2022-05-17","Tuesday","May","137","20","2","5","17","2","47","2022","365","-1","-1","-1","5","17","2","47","2022"
"406","2022-05-18","Wednesday","May","138","20","3","5","18","2","48","2022","365","-1","-1","-1","5","18","2","48","2022"
"407","2022-05-19","Thursday","May","139","20","4","5","19","2","49","2022","365","-1","-1","-1","5","19","2","49","2022"
"408","2022-05-20","Friday","May","140","20","5","5","20","2","50","2022","365","-1","-1","-1","5","20","2","50","2022"
"409","2022-05-21","Saturday","May","141","20","6","5","21","2","51","2022","365","-1","-1","-1","5","21","2","51","2022"
"410","2022-05-22","Sunday","May","142","20","7","5","22","2","52","2022","365","-1","-1","-1","5","22","2","52","2022"
"411","2022-05-23","Monday","May","143","21","1","5","23","2","53","2022","365","-1","-1","-1","5","23","2","53","2022"
"412","2022-05-24","Tuesday","May","144","21","2","5","24","2","54","2022","365","-1","-1","-1","5","24","2","54","2022"
"413","2022-05-25","Wednesday","May","145","21","3","5","25","2","55","2022","365","-1","-1","-1","5","25","2","55","2022"
"414","2022-05-26","Thursday","May","146","21","4","5","26","2","56","2022","365","-1","-1","-1","5","26","2","56","2022"
"415","2022-05-27","Friday","May","147","21","5","5","27","2","57","2022","365","-1","-1","-1","5","27","2","57","2022"
"416","2022-05-28","Saturday","May","148","21","6","5","28","2","58","2022","365","-1","-1","-1","5","28","2","58","2022"
"417","2022-05-29","Sunday","May","149","21","7","5","29","2","59","2022","365","-1","-1","-1","5","29","2","59","2022"
"418","2022-05-30","Monday","May","150","22","1","5","30","2","60","2022","365","-1","-1","-1","5","30","2","60","2022"
"419","2022-05-31","Tuesday","May","151","22","2","5","31","2","61","2022","365","-1","-1","-1","5","31","2","61","2022"
"489","2022-06-01","Wednesday","June","152","22","3","6","1","2","62","2022","365","-1","-1","-1","6","1","2","62","2022"
"490","2022-06-02","Thursday","June","153","22","4","6","2","2","63","2022","365","-1","-1","-1","6","2","2","63","2022"
"491","2022-06-03","Friday","June","154","22","5","6","3","2","64","2022","365","-1","-1","-1","6","3","2","64","2022"
"492","2022-06-04","Saturday","June","155","22","6","6","4","2","65","2022","365","-1","-1","-1","6","4","2","65","2022"
"493","2022-06-05","Sunday","June","156","22","7","6","5","2","66","2022","365","-1","-1","-1","6","5","2","66","2022"
"494","2022-06-06","Monday","June","157","23","1","6","6","2","67","2022","365","-1","-1","-1","6","6","2","67","2022"
"495","2022-06-07","Tuesday","June","158","23","2","6","7","2","68","2022","365","-1","-1","-1","6","7","2","68","2022"
"496","2022-06-08","Wednesday","June","159","23","3","6","8","2","69","2022","365","-1","-1","-1","6","8","2","69","2022"
"497","2022-06-09","Thursday","June","160","23","4","6","9","2","70","2022","365","-1","-1","-1","6","9","2","70","2022"
"498","2022-06-10","Friday","June","161","23","5","6","10","2","71","2022","365","-1","-1","-1","6","10","2","71","2022"
"499","2022-06-11","Saturday","June","162","23","6","6","11","2","72","2022","365","-1","-1","-1","6","11","2","72","2022"
"500","2022-06-12","Sunday","June","163","23","7","6","12","2","73","2022","365","-1","-1","-1","6","12","2","73","2022"
"501","2022-06-13","Monday","June","164","24","1","6","13","2","74","2022","365","-1","-1","-1","6","13","2","74","2022"
"502","2022-06-14","Tuesday","June","165","24","2","6","14","2","75","2022","365","-1","-1","-1","6","14","2","75","2022"
"503","2022-06-15","Wednesday","June","166","24","3","6","15","2","76","2022","365","-1","-1","-1","6","15","2","76","2022"
"504","2022-06-16","Thursday","June","167","24","4","6","16","2","77","2022","365","-1","-1","-1","6","16","2","77","2022"
"505","2022-06-17","Friday","June","168","24","5","6","17","2","78","2022","365","-1","-1","-1","6","17","2","78","2022"
"506","2022-06-18","Saturday","June","169","24","6","6","18","2","79","2022","365","-1","-1","-1","6","18","2","79","2022"
"507","2022-06-19","Sunday","June","170","24","7","6","19","2","80","2022","365","-1","-1","-1","6","19","2","80","2022"
"508","2022-06-20","Monday","June","171","25","1","6","20","2","81","2022","365","-1","-1","-1","6","20","2","81","2022"
"509","2022-06-21","Tuesday","June","172","25","2","6","21","2","82","2022","365","-1","-1","-1","6","21","2","82","2022"
"510","2022-06-22","Wednesday","June","173","25","3","6","22","2","83","2022","365","-1","-1","-1","6","22","2","83","2022"
"511","2022-06-23","Thursday","June","174","25","4","6","23","2","84","2022","365","-1","-1","-1","6","23","2","84","2022"
"512","2022-06-24","Friday","June","175","25","5","6","24","2","85","2022","365","-1","-1","-1","6","24","2","85","2022"
"513","2022-06-25","Saturday","June","176","25","6","6","25","2","86","2022","365","-1","-1","-1","6","25","2","86","2022"
"514","2022-06-26","Sunday","June","177","25","7","6","26","2","87","2022","365","-1","-1","-1","6","26","2","87","2022"
"515","2022-06-27","Monday","June","178","26","1","6","27","2","88","2022","365","-1","-1","-1","6","27","2","88","2022"
"516","2022-06-28","Tuesday","June","179","26","2","6","28","2","89","2022","365","-1","-1","-1","6","28","2","89","2022"
"517","2022-06-29","Wednesday","June","180","26","3","6","29","2","90","2022","365","-1","-1","-1","6","29","2","90","2022"
"518","2022-06-30","Thursday","June","181","26","4","6","30","2","91","2022","365","-1","-1","-1","6","30","2","91","2022"
"589","2022-07-01","Friday","July","182","26","5","7","1","3","1","2022","365","-1","-1","-1","7","1","3","1","2022"
"590","2022-07-02","Saturday","July","183","26","6","7","2","3","2","2022","365","-1","-1","-1","7","2","3","2","2022"
"591","2022-07-03","Sunday","July","184","26","7","7","3","3","3","2022","365","-1","-1","-1","7","3","3","3","2022"
"592","2022-07-04","Monday","July","185","27","1","7","4","3","4","2022","365","-1","-1","-1","7","4","3","4","2022"
"593","2022-07-05","Tuesday","July","186","27","2","7","5","3","5","2022","365","-1","-1","-1","7","5","3","5","2022"
"594","2022-07-06","Wednesday","July","187","27","3","7","6","3","6","2022","365","-1","-1","-1","7","6","3","6","2022"
"595","2022-07-07","Thursday","July","188","27","4","7","7","3","7","2022","365","-1","-1","-1","7","7","3","7","2022"
"596","2022-07-08","Friday","July","189","27","5","7","8","3","8","2022","365","-1","-1","-1","7","8","3","8","2022"
"597","2022-07-09","Saturday","July","190","27","6","7","9","3","9","2022","365","-1","-1","-1","7","9","3","9","2022"
"598","2022-07-10","Sunday","July","191","27","7","7","10","3","10","2022","365","-1","-1","-1","7","10","3","10","2022"
"599","2022-07-11","Monday","July","192","28","1","7","11","3","11","2022","365","-1","-1","-1","7","11","3","11","2022"
"600","2022-07-12","Tuesday","July","193","28","2","7","12","3","12","2022","365","-1","-1","-1","7","12","3","12","2022"
"601","2022-07-13","Wednesday","July","194","28","3","7","13","3","13","2022","365","-1","-1","-1","7","13","3","13","2022"
"602","2022-07-14","Thursday","July","195","28","4","7","14","3","14","2022","365","-1","-1","-1","7","14","3","14","2022"
"603","2022-07-15","Friday","July","196","28","5","7","15","3","15","2022","365","-1","-1","-1","7","15","3","15","2022"
"604","2022-07-16","Saturday","July","197","28","6","7","16","3","16","2022","365","-1","-1","-1","7","16","3","16","2022"
"605","2022-07-17","Sunday","July","198","28","7","7","17","3","17","2022","365","-1","-1","-1","7","17","3","17","2022"
"606","2022-07-18","Monday","July","199","29","1","7","18","3","18","2022","365","-1","-1","-1","7","18","3","18","2022"
"607","2022-07-19","Tuesday","July","200","29","2","7","19","3","19","2022","365","-1","-1","-1","7","19","3","19","2022"
"608","2022-07-20","Wednesday","July","201","29","3","7","20","3","20","2022","365","-1","-1","-1","7","20","3","20","2022"
"609","2022-07-21","Thursday","July","202","29","4","7","21","3","21","2022","365","-1","-1","-1","7","21","3","21","2022"
"610","2022-07-22","Friday","July","203","29","5","7","22","3","22","2022","365","-1","-1","-1","7","22","3","22","2022"
"611","2022-07-23","Saturday","July","204","29","6","7","23","3","23","2022","365","-1","-1","-1","7","23","3","23","2022"
"612","2022-07-24","Sunday","July","205","29","7","7","24","3","24","2022","365","-1","-1","-1","7","24","3","24","2022"
"613","2022-07-25","Monday","July","206","30","1","7","25","3","25","2022","365","-1","-1","-1","7","25","3","25","2022"
"614","2022-07-26","Tuesday","July","207","30","2","7","26","3","26","2022","365","-1","-1","-1","7","26","3","26","2022"
"615","2022-07-27","Wednesday","July","208","30","3","7","27","3","27","2022","365","-1","-1","-1","7","27","3","27","2022"
"616","2022-07-28","Thursday","July","209","30","4","7","28","3","28","2022","365","-1","-1","-1","7","28","3","28","2022"
"617","2022-07-29","Friday","July","210","30","5","7","29","3","29","2022","365","-1","-1","-1","7","29","3","29","2022"
"618","2022-07-30","Saturday","July","211","30","6","7","30","3","30","2022","365","-1","-1","-1","7","30","3","30","2022"
"619","2022-07-31","Sunday","July","212","30","7","7","31","3","31","2022","365","-1","-1","-1","7","31","3","31","2022"
"689","2022-08-01","Monday","August","213","31","1","8","1","3","32","2022","365","-1","-1","-1","8","1","3","32","2022"
"690","2022-08-02","Tuesday","August","214","31","2","8","2","3","33","2022","365","-1","-1","-1","8","2","3","33","2022"
"691","2022-08-03","Wednesday","August","215","31","3","8","3","3","34","2022","365","-1","-1","-1","8","3","3","34","2022"
"692","2022-08-04","Thursday","August","216","31","4","8","4","3","35","2022","365","-1","-1","-1","8","4","3","35","2022"
"693","2022-08-05","Friday","August","217","31","5","8","5","3","36","2022","365","-1","-1","-1","8","5","3","36","2022"
"694","2022-08-06","Saturday","August","218","31","6","8","6","3","37","2022","365","-1","-1","-1","8","6","3","37","2022"
"695","2022-08-07","Sunday","August","219","31","7","8","7","3","38","2022","365","-1","-1","-1","8","7","3","38","2022"
"696","2022-08-08","Monday","August","220","32","1","8","8","3","39","2022","365","-1","-1","-1","8","8","3","39","2022"
"697","2022-08-09","Tuesday","August","221","32","2","8","9","3","40","2022","365","-1","-1","-1","8","9","3","40","2022"
"698","2022-08-10","Wednesday","August","222","32","3","8","10","3","41","2022","365","-1","-1","-1","8","10","3","41","2022"
"699","2022-08-11","Thursday","August","223","32","4","8","11","3","42","2022","365","-1","-1","-1","8","11","3","42","2022"
"700","2022-08-12","Friday","August","224","32","5","8","12","3","43","2022","365","-1","-1","-1","8","12","3","43","2022"
"701","2022-08-13","Saturday","August","225","32","6","8","13","3","44","2022","365","-1","-1","-1","8","13","3","44","2022"
"702","2022-08-14","Sunday","August","226","32","7","8","14","3","45","2022","365","-1","-1","-1","8","14","3","45","2022"
"703","2022-08-15","Monday","August","227","33","1","8","15","3","46","2022","365","-1","-1","-1","8","15","3","46","2022"
"704","2022-08-16","Tuesday","August","228","33","2","8","16","3","47","2022","365","-1","-1","-1","8","16","3","47","2022"
"705","2022-08-17","Wednesday","August","229","33","3","8","17","3","48","2022","365","-1","-1","-1","8","17","3","48","2022"
"706","2022-08-18","Thursday","August","230","33","4","8","18","3","49","2022","365","-1","-1","-1","8","18","3","49","2022"
"707","2022-08-19","Friday","August","231","33","5","8","19","3","50","2022","365","-1","-1","-1","8","19","3","50","2022"
"708","2022-08-20","Saturday","August","232","33","6","8","20","3","51","2022","365","-1","-1","-1","8","20","3","51","2022"
"709","2022-08-21","Sunday","August","233","33","7","8","21","3","52","2022","365","-1","-1","-1","8","21","3","52","2022"
"710","2022-08-22","Monday","August","234","34","1","8","22","3","53","2022","365","-1","-1","-1","8","22","3","53","2022"
"711","2022-08-23","Tuesday","August","235","34","2","8","23","3","54","2022","365","-1","-1","-1","8","23","3","54","2022"
"712","2022-08-24","Wednesday","August","236","34","3","8","24","3","55","2022","365","-1","-1","-1","8","24","3","55","2022"
"713","2022-08-25","Thursday","August","237","34","4","8","25","3","56","2022","365","-1","-1","-1","8","25","3","56","2022"
"714","2022-08-26","Friday","August","238","34","5","8","26","3","57","2022","365","-1","-1","-1","8","26","3","57","2022"
"715","2022-08-27","Saturday","August","239","34","6","8","27","3","58","2022","365","-1","-1","-1","8","27","3","58","2022"
"716","2022-08-28","Sunday","August","240","34","7","8","28","3","59","2022","365","-1","-1","-1","8","28","3","59","2022"
"717","2022-08-29","Monday","August","241","35","1","8","29","3","60","2022","365","-1","-1","-1","8","29","3","60","2022"
"718","2022-08-30","Tuesday","August","242","35","2","8","30","3","61","2022","365","-1","-1","-1","8","30","3","61","2022"
"719","2022-08-31","Wednesday","August","243","35","3","8","31","3","62","2022","365","-1","-1","-1","8","31","3","62","2022"
"789","2022-09-01","Thursday","September","244","35","4","9","1","3","63","2022","365","-1","-1","-1","9","1","3","63","2022"
"790","2022-09-02","Friday","September","245","35","5","9","2","3","64","2022","365","-1","-1","-1","9","2","3","64","2022"
"791","2022-09-03","Saturday","September","246","35","6","9","3","3","65","2022","365","-1","-1","-1","9","3","3","65","2022"
"792","2022-09-04","Sunday","September","247","35","7","9","4","3","66","2022","365","-1","-1","-1","9","4","3","66","2022"
"793","2022-09-05","Monday","September","248","36","1","9","5","3","67","2022","365","-1","-1","-1","9","5","3","67","2022"
"794","2022-09-06","Tuesday","September","249","36","2","9","6","3","68","2022","365","-1","-1","-1","9","6","3","68","2022"
"795","2022-09-07","Wednesday","September","250","36","3","9","7","3","69","2022","365","-1","-1","-1","9","7","3","69","2022"
"796","2022-09-08","Thursday","September","251","36","4","9","8","3","70","2022","365","-1","-1","-1","9","8","3","70","2022"
"797","2022-09-09","Friday","September","252","36","5","9","9","3","71","2022","365","-1","-1","-1","9","9","3","71","2022"
"798","2022-09-10","Saturday","September","253","36","6","9","10","3","72","2022","365","-1","-1","-1","9","10","3","72","2022"
"799","2022-09-11","Sunday","September","254","36","7","9","11","3","73","2022","365","-1","-1","-1","9","11","3","73","2022"
"800","2022-09-12","Monday","September","255","37","1","9","12","3","74","2022","365","-1","-1","-1","9","12","3","74","2022"
"801","2022-09-13","Tuesday","September","256","37","2","9","13","3","75","2022","365","-1","-1","-1","9","13","3","75","2022"
"802","2022-09-14","Wednesday","September","257","37","3","9","14","3","76","2022","365","-1","-1","-1","9","14","3","76","2022"
"803","2022-09-15","Thursday","September","258","37","4","9","15","3","77","2022","365","-1","-1","-1","9","15","3","77","2022"
"804","2022-09-16","Friday","September","259","37","5","9","16","3","78","2022","365","-1","-1","-1","9","16","3","78","2022"
"805","2022-09-17","Saturday","September","260","37","6","9","17","3","79","2022","365","-1","-1","-1","9","17","3","79","2022"
"806","2022-09-18","Sunday","September","261","37","7","9","18","3","80","2022","365","-1","-1","-1","9","18","3","80","2022"
"807","2022-09-19","Monday","September","262","38","1","9","19","3","81","2022","365","-1","-1","-1","9","19","3","81","2022"
"808","2022-09-20","Tuesday","September","263","38","2","9","20","3","82","2022","365","-1","-1","-1","9","20","3","82","2022"
"809","2022-09-21","Wednesday","September","264","38","3","9","21","3","83","2022","365","-1","-1","-1","9","21","3","83","2022"
"810","2022-09-22","Thursday","September","265","38","4","9","22","3","84","2022","365","-1","-1","-1","9","22","3","84","2022"
"811","2022-09-23","Friday","September","266","38","5","9","23","3","85","2022","365","-1","-1","-1","9","23","3","85","2022"
"812","2022-09-24","Saturday","September","267","38","6","9","24","3","86","2022","365","-1","-1","-1","9","24","3","86","2022"
"813","2022-09-25","Sunday","September","268","38","7","9","25","3","87","2022","365","-1","-1","-1","9","25","3","87","2022"
"814","2022-09-26","Monday","September","269","39","1","9","26","3","88","2022","365","-1","-1","-1","9","26","3","88","2022"
"815","2022-09-27","Tuesday","September","270","39","2","9","27","3","89","2022","365","-1","-1","-1","9","27","3","89","2022"
"816","2022-09-28","Wednesday","September","271","39","3","9","28","3","90","2022","365","-1","-1","-1","9","28","3","90","2022"
"817","2022-09-29","Thursday","September","272","39","4","9","29","3","91","2022","365","-1","-1","-1","9","29","3","91","2022"
"818","2022-09-30","Friday","September","273","39","5","9","30","3","92","2022","365","-1","-1","-1","9","30","3","92","2022"
"889","2022-10-01","Saturday","October","274","39","6","10","1","4","1","2022","365","-1","-1","-1","10","1","4","1","2022"
"890","2022-10-02","Sunday","October","275","39","7","10","2","4","2","2022","365","-1","-1","-1","10","2","4","2","2022"
"891","2022-10-03","Monday","October","276","40","1","10","3","4","3","2022","365","-1","-1","-1","10","3","4","3","2022"
"892","2022-10-04","Tuesday","October","277","40","2","10","4","4","4","2022","365","-1","-1","-1","10","4","4","4","2022"
"893","2022-10-05","Wednesday","October","278","40","3","10","5","4","5","2022","365","-1","-1","-1","10","5","4","5","2022"
"894","2022-10-06","Thursday","October","279","40","4","10","6","4","6","2022","365","-1","-1","-1","10","6","4","6","2022"
"895","2022-10-07","Friday","October","280","40","5","10","7","4","7","2022","365","-1","-1","-1","10","7","4","7","2022"
"896","2022-10-08","Saturday","October","281","40","6","10","8","4","8","2022","365","-1","-1","-1","10","8","4","8","2022"
"897","2022-10-09","Sunday","October","282","40","7","10","9","4","9","2022","365","-1","-1","-1","10","9","4","9","2022"
"898","2022-10-10","Monday","October","283","41","1","10","10","4","10","2022","365","-1","-1","-1","10","10","4","10","2022"
"899","2022-10-11","Tuesday","October","284","41","2","10","11","4","11","2022","365","-1","-1","-1","10","11","4","11","2022"
"900","2022-10-12","Wednesday","October","285","41","3","10","12","4","12","2022","365","-1","-1","-1","10","12","4","12","2022"
"901","2022-10-13","Thursday","October","286","41","4","10","13","4","13","2022","365","-1","-1","-1","10","13","4","13","2022"
"902","2022-10-14","Friday","October","287","41","5","10","14","4","14","2022","365","-1","-1","-1","10","14","4","14","2022"
"903","2022-10-15","Saturday","October","288","41","6","10","15","4","15","2022","365","-1","-1","-1","10","15","4","15","2022"
"904","2022-10-16","Sunday","October","289","41","7","10","16","4","16","2022","365","-1","-1","-1","10","16","4","16","2022"
"905","2022-10-17","Monday","October","290","42","1","10","17","4","17","2022","365","-1","-1","-1","10","17","4","17","2022"
"906","2022-10-18","Tuesday","October","291","42","2","10","18","4","18","2022","365","-1","-1","-1","10","18","4","18","2022"
"907","2022-10-19","Wednesday","October","292","42","3","10","19","4","19","2022","365","-1","-1","-1","10","19","4","19","2022"
"908","2022-10-20","Thursday","October","293","42","4","10","20","4","20","2022","365","-1","-1","-1","10","20","4","20","2022"
"909","2022-10-21","Friday","October","294","42","5","10","21","4","21","2022","365","-1","-1","-1","10","21","4","21","2022"
"910","2022-10-22","Saturday","October","295","42","6","10","22","4","22","2022","365","-1","-1","-1","10","22","4","22","2022"
"911","2022-10-23","Sunday","October","296","42","7","10","23","4","23","2022","365","-1","-1","-1","10","23","4","23","2022"
"912","2022-10-24","Monday","October","297","43","1","10","24","4","24","2022","365","-1","-1","-1","10","24","4","24","2022"
"913","2022-10-25","Tuesday","October","298","43","2","10","25","4","25","2022","365","-1","-1","-1","10","25","4","25","2022"
"914","2022-10-26","Wednesday","October","299","43","3","10","26","4","26","2022","365","-1","-1","-1","10","26","4","26","2022"
"915","2022-10-27","Thursday","October","300","43","4","10","27","4","27","2022","365","-1","-1","-1","10","27","4","27","2022"
"916","2022-10-28","Friday","October","301","43","5","10","28","4","28","2022","365","-1","-1","-1","10","28","4","28","2022"
"917","2022-10-29","Saturday","October","302","43","6","10","29","4","29","2022","365","-1","-1","-1","10","29","4","29","2022"
"918","2022-10-30","Sunday","October","303","43","7","10","30","4","30","2022","365","-1","-1","-1","10","30","4","30","2022"
"919","2022-10-31","Monday","October","304","44","1","10","31","4","31","2022","365","-1","-1","-1","10","31","4","31","2022"
"989","2022-11-01","Tuesday","November","305","44","2","11","1","4","32","2022","365","-1","-1","-1","11","1","4","32","2022"
"990","2022-11-02","Wednesday","November","306","44","3","11","2","4","33","2022","365","-1","-1","-1","11","2","4","33","2022"
"991","2022-11-03","Thursday","November","307","44","4","11","3","4","34","2022","365","-1","-1","-1","11","3","4","34","2022"
"992","2022-11-04","Friday","November","308","44","5","11","4","4","35","2022","365","-1","-1","-1","11","4","4","35","2022"
"993","2022-11-05","Saturday","November","309","44","6","11","5","4","36","2022","365","-1","-1","-1","11","5","4","36","2022"
"994","2022-11-06","Sunday","November","310","44","7","11","6","4","37","2022","365","-1","-1","-1","11","6","4","37","2022"
"995","2022-11-07","Monday","November","311","45","1","11","7","4","38","2022","365","-1","-1","-1","11","7","4","38","2022"
"996","2022-11-08","Tuesday","November","312","45","2","11","8","4","39","2022","365","-1","-1","-1","11","8","4","39","2022"
"997","2022-11-09","Wednesday","November","313","45","3","11","9","4","40","2022","365","-1","-1","-1","11","9","4","40","2022"
"998","2022-11-10","Thursday","November","314","45","4","11","10","4","41","2022","365","-1","-1","-1","11","10","4","41","2022"
"999","2022-11-11","Friday","November","315","45","5","11","11","4","42","2022","365","-1","-1","-1","11","11","4","42","2022"
"1000","2022-11-12","Saturday","November","316","45","6","11","12","4","43","2022","365","-1","-1","-1","11","12","4","43","2022"
"1001","2022-11-13","Sunday","November","317","45","7","11","13","4","44","2022","365","-1","-1","-1","11","13","4","44","2022"
"1002","2022-11-14","Monday","November","318","46","1","11","14","4","45","2022","365","-1","-1","-1","11","14","4","45","2022"
"1003","2022-11-15","Tuesday","November","319","46","2","11","15","4","46","2022","365","-1","-1","-1","11","15","4","46","2022"
"1004","2022-11-16","Wednesday","November","320","46","3","11","16","4","47","2022","365","-1","-1","-1","11","16","4","47","2022"
"1005","2022-11-17","Thursday","November","321","46","4","11","17","4","48","2022","365","-1","-1","-1","11","17","4","48","2022"
"1006","2022-11-18","Friday","November","322","46","5","11","18","4","49","2022","365","-1","-1","-1","11","18","4","49","2022"
"1007","2022-11-19","Saturday","November","323","46","6","11","19","4","50","2022","365","-1","-1","-1","11","19","4","50","2022"
"1008","2022-11-20","Sunday","November","324","46","7","11","20","4","51","2022","365","-1","-1","-1","11","20","4","51","2022"
"1009","2022-11-21","Monday","November","325","47","1","11","21","4","52","2022","365","-1","-1","-1","11","21","4","52","2022"
"1010","2022-11-22","Tuesday","November","326","47","2","11","22","4","53","2022","365","-1","-1","-1","11","22","4","53","2022"
"1011","2022-11-23","Wednesday","November","327","47","3","11","23","4","54","2022","365","-1","-1","-1","11","23","4","54","2022"
"1012","2022-11-24","Thursday","November","328","47","4","11","24","4","55","2022","365","-1","-1","-1","11","24","4","55","2022"
"1013","2022-11-25","Friday","November","329","47","5","11","25","4","56","2022","365","-1","-1","-1","11","25","4","56","2022"
"1014","2022-11-26","Saturday","November","330","47","6","11","26","4","57","2022","365","-1","-1","-1","11","26","4","57","2022"
"1015","2022-11-27","Sunday","November","331","47","7","11","27","4","58","2022","365","-1","-1","-1","11","27","4","58","2022"
"1016","2022-11-28","Monday","November","332","48","1","11","28","4","59","2022","365","-1","-1","-1","11","28","4","59","2022"
"1017","2022-11-29","Tuesday","November","333","48","2","11","29","4","60","2022","365","-1","-1","-1","11","29","4","60","2022"
"1018","2022-11-30","Wednesday","November","334","48","3","11","30","4","61","2022","365","-1","-1","-1","11","30","4","61","2022"
"1089","2022-12-01","Thursday","December","335","48","4","12","1","4","62","2022","365","-1","-1","-1","12","1","4","62","2022"
"1090","2022-12-02","Friday","December","336","48","5","12","2","4","63","2022","365","-1","-1","-1","12","2","4","63","2022"
"1091","2022-12-03","Saturday","December","337","48","6","12","3","4","64","2022","365","-1","-1","-1","12","3","4","64","2022"
"1092","2022-12-04","Sunday","December","338","48","7","12","4","4","65","2022","365","-1","-1","-1","12","4","4","65","2022"
"1093","2022-12-05","Monday","December","339","49","1","12","5","4","66","2022","365","-1","-1","-1","12","5","4","66","2022"
"1094","2022-12-06","Tuesday","December","340","49","2","12","6","4","67","2022","365","-1","-1","-1","12","6","4","67","2022"
"1095","2022-12-07","Wednesday","December","341","49","3","12","7","4","68","2022","365","-1","-1","-1","12","7","4","68","2022"
"1096","2022-12-08","Thursday","December","342","49","4","12","8","4","69","2022","365","-1","-1","-1","12","8","4","69","2022"
"1097","2022-12-09","Friday","December","343","49","5","12","9","4","70","2022","365","-1","-1","-1","12","9","4","70","2022"
"1098","2022-12-10","Saturday","December","344","49","6","12","10","4","71","2022","365","-1","-1","-1","12","10","4","71","2022"
"1099","2022-12-11","Sunday","December","345","49","7","12","11","4","72","2022","365","-1","-1","-1","12","11","4","72","2022"
"1100","2022-12-12","Monday","December","346","50","1","12","12","4","73","2022","365","-1","-1","-1","12","12","4","73","2022"
"1101","2022-12-13","Tuesday","December","347","50","2","12","13","4","74","2022","365","-1","-1","-1","12","13","4","74","2022"
"1102","2022-12-14","Wednesday","December","348","50","3","12","14","4","75","2022","365","-1","-1","-1","12","14","4","75","2022"
"1103","2022-12-15","Thursday","December","349","50","4","12","15","4","76","2022","365","-1","-1","-1","12","15","4","76","2022"
"1104","2022-12-16","Friday","December","350","50","5","12","16","4","77","2022","365","-1","-1","-1","12","16","4","77","2022"
"1105","2022-12-17","Saturday","December","351","50","6","12","17","4","78","2022","365","-1","-1","-1","12","17","4","78","2022"
"1106","2022-12-18","Sunday","December","352","50","7","12","18","4","79","2022","365","-1","-1","-1","12","18","4","79","2022"
"1107","2022-12-19","Monday","December","353","51","1","12","19","4","80","2022","365","-1","-1","-1","12","19","4","80","2022"
"1108","2022-12-20","Tuesday","December","354","51","2","12","20","4","81","2022","365","-1","-1","-1","12","20","4","81","2022"
"1109","2022-12-21","Wednesday","December","355","51","3","12","21","4","82","2022","365","-1","-1","-1","12","21","4","82","2022"
"1110","2022-12-22","Thursday","December","356","51","4","12","22","4","83","2022","365","-1","-1","-1","12","22","4","83","2022"
"1111","2022-12-23","Friday","December","357","51","5","12","23","4","84","2022","365","-1","-1","-1","12","23","4","84","2022"
"1112","2022-12-24","Saturday","December","358","51","6","12","24","4","85","2022","365","-1","-1","-1","12","24","4","85","2022"
"1113","2022-12-25","Sunday","December","359","51","7","12","25","4","86","2022","365","-1","-1","-1","12","25","4","86","2022"
"1114","2022-12-26","Monday","December","360","52","1","12","26","4","87","2022","365","-1","-1","-1","12","26","4","87","2022"
"1115","2022-12-27","Tuesday","December","361","52","2","12","27","4","88","2022","365","-1","-1","-1","12","27","4","88","2022"
"1116","2022-12-28","Wednesday","December","362","52","3","12","28","4","89","2022","365","-1","-1","-1","12","28","4","89","2022"
"1117","2022-12-29","Thursday","December","363","52","4","12","29","4","90","2022","365","-1","-1","-1","12","29","4","90","2022"
"1118","2022-12-30","Friday","December","364","52","5","12","30","4","91","2022","365","-1","-1","-1","12","30","4","91","2022"
"1119","2022-12-31","Saturday","December","365","52","6","12","31","4","92","2022","365","-1","-1","-1","12","31","4","92","2022"
"9989","2023-01-01","Sunday","January","1","52","7","1","1","1","1","2023","365","-1","-1","-1","1","1","1","1","2023"
"9990","2023-01-02","Monday","January","2","1","1","1","2","1","2","2023","365","-1","-1","-1","1","2","1","2","2023"
"9991","2023-01-03","Tuesday","January","3","1","2","1","3","1","3","2023","365","-1","-1","-1","1","3","1","3","2023"
"9992","2023-01-04","Wednesday","January","4","1","3","1","4","1","4","2023","365","-1","-1","-1","1","4","1","4","2023"
"9993","2023-01-05","Thursday","January","5","1","4","1","5","1","5","2023","365","-1","-1","-1","1","5","1","5","2023"
"9994","2023-01-06","Friday","January","6","1","5","1","6","1","6","2023","365","-1","-1","-1","1","6","1","6","2023"
"9995","2023-01-07","Saturday","January","7","1","6","1","7","1","7","2023","365","-1","-1","-1","1","7","1","7","2023"
"9996","2023-01-08","Sunday","January","8","1","7","1","8","1","8","2023","365","-1","-1","-1","1","8","1","8","2023"
"9997","2023-01-09","Monday","January","9","2","1","1","9","1","9","2023","365","-1","-1","-1","1","9","1","9","2023"
"9998","2023-01-10","Tuesday","January","10","2","2","1","10","1","10","2023","365","-1","-1","-1","1","10","1","10","2023"
"9999","2023-01-11","Wednesday","January","11","2","3","1","11","1","11","2023","365","-1","-1","-1","1","11","1","11","2023"
"10000","2023-01-12","Thursday","January","12","2","4","1","12","1","12","2023","365","-1","-1","-1","1","12","1","12","2023"
"10001","2023-01-13","Friday","January","13","2","5","1","13","1","13","2023","365","-1","-1","-1","1","13","1","13","2023"
"10002","2023-01-14","Saturday","January","14","2","6","1","14","1","14","2023","365","-1","-1","-1","1","14","1","14","2023"
"10003","2023-01-15","Sunday","January","15","2","7","1","15","1","15","2023","365","-1","-1","-1","1","15","1","15","2023"
"10004","2023-01-16","Monday","January","16","3","1","1","16","1","16","2023","365","-1","-1","-1","1","16","1","16","2023"
"10005","2023-01-17","Tuesday","January","17","3","2","1","17","1","17","2023","365","-1","-1","-1","1","17","1","17","2023"
"10006","2023-01-18","Wednesday","January","18","3","3","1","18","1","18","2023","365","-1","-1","-1","1","18","1","18","2023"
"10007","2023-01-19","Thursday","January","19","3","4","1","19","1","19","2023","365","-1","-1","-1","1","19","1","19","2023"
"10008","2023-01-20","Friday","January","20","3","5","1","20","1","20","2023","365","-1","-1","-1","1","20","1","20","2023"
"10009","2023-01-21","Saturday","January","21","3","6","1","21","1","21","2023","365","-1","-1","-1","1","21","1","21","2023"
"10010","2023-01-22","Sunday","January","22","3","7","1","22","1","22","2023","365","-1","-1","-1","1","22","1","22","2023"
"10011","2023-01-23","Monday","January","23","4","1","1","23","1","23","2023","365","-1","-1","-1","1","23","1","23","2023"
"10012","2023-01-24","Tuesday","January","24","4","2","1","24","1","24","2023","365","-1","-1","-1","1","24","1","24","2023"
"10013","2023-01-25","Wednesday","January","25","4","3","1","25","1","25","2023","365","-1","-1","-1","1","25","1","25","2023"
"10014","2023-01-26","Thursday","January","26","4","4","1","26","1","26","2023","365","-1","-1","-1","1","26","1","26","2023"
"10015","2023-01-27","Friday","January","27","4","5","1","27","1","27","2023","365","-1","-1","-1","1","27","1","27","2023"
"10016","2023-01-28","Saturday","January","28","4","6","1","28","1","28","2023","365","-1","-1","-1","1","28","1","28","2023"
"10017","2023-01-29","Sunday","January","29","4","7","1","29","1","29","2023","365","-1","-1","-1","1","29","1","29","2023"
"10018","2023-01-30","Monday","January","30","5","1","1","30","1","30","2023","365","-1","-1","-1","1","30","1","30","2023"
"10019","2023-01-31","Tuesday","January","31","5","2","1","31","1","31","2023","365","-1","-1","-1","1","31","1","31","2023"
"10089","2023-02-01","Wednesday","February","32","5","3","2","1","1","32","2023","365","-1","-1","-1","2","1","1","32","2023"
"10090","2023-02-02","Thursday","February","33","5","4","2","2","1","33","2023","365","-1","-1","-1","2","2","1","33","2023"
"10091","2023-02-03","Friday","February","34","5","5","2","3","1","34","2023","365","-1","-1","-1","2","3","1","34","2023"
"10092","2023-02-04","Saturday","February","35","5","6","2","4","1","35","2023","365","-1","-1","-1","2","4","1","35","2023"
"10093","2023-02-05","Sunday","February","36","5","7","2","5","1","36","2023","365","-1","-1","-1","2","5","1","36","2023"
"10094","2023-02-06","Monday","February","37","6","1","2","6","1","37","2023","365","-1","-1","-1","2","6","1","37","2023"
"10095","2023-02-07","Tuesday","February","38","6","2","2","7","1","38","2023","365","-1","-1","-1","2","7","1","38","2023"
"10096","2023-02-08","Wednesday","February","39","6","3","2","8","1","39","2023","365","-1","-1","-1","2","8","1","39","2023"
"10097","2023-02-09","Thursday","February","40","6","4","2","9","1","40","2023","365","-1","-1","-1","2","9","1","40","2023"
"10098","2023-02-10","Friday","February","41","6","5","2","10","1","41","2023","365","-1","-1","-1","2","10","1","41","2023"
"10099","2023-02-11","Saturday","February","42","6","6","2","11","1","42","2023","365","-1","-1","-1","2","11","1","42","2023"
"10100","2023-02-12","Sunday","February","43","6","7","2","12","1","43","2023","365","-1","-1","-1","2","12","1","43","2023"
"10101","2023-02-13","Monday","February","44","7","1","2","13","1","44","2023","365","-1","-1","-1","2","13","1","44","2023"
"10102","2023-02-14","Tuesday","February","45","7","2","2","14","1","45","2023","365","-1","-1","-1","2","14","1","45","2023"
"10103","2023-02-15","Wednesday","February","46","7","3","2","15","1","46","2023","365","-1","-1","-1","2","15","1","46","2023"
"10104","2023-02-16","Thursday","February","47","7","4","2","16","1","47","2023","365","-1","-1","-1","2","16","1","47","2023"
"10105","2023-02-17","Friday","February","48","7","5","2","17","1","48","2023","365","-1","-1","-1","2","17","1","48","2023"
"10106","2023-02-18","Saturday","February","49","7","6","2","18","1","49","2023","365","-1","-1","-1","2","18","1","49","2023"
"10107","2023-02-19","Sunday","February","50","7","7","2","19","1","50","2023","365","-1","-1","-1","2","19","1","50","2023"
"10108","2023-02-20","Monday","February","51","8","1","2","20","1","51","2023","365","-1","-1","-1","2","20","1","51","2023"
"10109","2023-02-21","Tuesday","February","52","8","2","2","21","1","52","2023","365","-1","-1","-1","2","21","1","52","2023"
"10110","2023-02-22","Wednesday","February","53","8","3","2","22","1","53","2023","365","-1","-1","-1","2","22","1","53","2023"
"10111","2023-02-23","Thursday","February","54","8","4","2","23","1","54","2023","365","-1","-1","-1","2","23","1","54","2023"
"10112","2023-02-24","Friday","February","55","8","5","2","24","1","55","2023","365","-1","-1","-1","2","24","1","55","2023"
"10113","2023-02-25","Saturday","February","56","8","6","2","25","1","56","2023","365","-1","-1","-1","2","25","1","56","2023"
"10114","2023-02-26","Sunday","February","57","8","7","2","26","1","57","2023","365","-1","-1","-1","2","26","1","57","2023"
"10115","2023-02-27","Monday","February","58","9","1","2","27","1","58","2023","365","-1","-1","-1","2","27","1","58","2023"
"10116","2023-02-28","Tuesday","February","59","9","2","2","28","1","59","2023","365","-1","-1","-1","2","28","1","59","2023"
"10189","2023-03-01","Wednesday","March","60","9","3","3","1","1","60","2023","365","-1","-1","-1","3","1","1","60","2023"
"10190","2023-03-02","Thursday","March","61","9","4","3","2","1","61","2023","365","-1","-1","-1","3","2","1","61","2023"
"10191","2023-03-03","Friday","March","62","9","5","3","3","1","62","2023","365","-1","-1","-1","3","3","1","62","2023"
"10192","2023-03-04","Saturday","March","63","9","6","3","4","1","63","2023","365","-1","-1","-1","3","4","1","63","2023"
"10193","2023-03-05","Sunday","March","64","9","7","3","5","1","64","2023","365","-1","-1","-1","3","5","1","64","2023"
"10194","2023-03-06","Monday","March","65","10","1","3","6","1","65","2023","365","-1","-1","-1","3","6","1","65","2023"
"10195","2023-03-07","Tuesday","March","66","10","2","3","7","1","66","2023","365","-1","-1","-1","3","7","1","66","2023"
"10196","2023-03-08","Wednesday","March","67","10","3","3","8","1","67","2023","365","-1","-1","-1","3","8","1","67","2023"
"10197","2023-03-09","Thursday","March","68","10","4","3","9","1","68","2023","365","-1","-1","-1","3","9","1","68","2023"
"10198","2023-03-10","Friday","March","69","10","5","3","10","1","69","2023","365","-1","-1","-1","3","10","1","69","2023"
"10199","2023-03-11","Saturday","March","70","10","6","3","11","1","70","2023","365","-1","-1","-1","3","11","1","70","2023"
"10200","2023-03-12","Sunday","March","71","10","7","3","12","1","71","2023","365","-1","-1","-1","3","12","1","71","2023"
"10201","2023-03-13","Monday","March","72","11","1","3","13","1","72","2023","365","-1","-1","-1","3","13","1","72","2023"
"10202","2023-03-14","Tuesday","March","73","11","2","3","14","1","73","2023","365","-1","-1","-1","3","14","1","73","2023"
"10203","2023-03-15","Wednesday","March","74","11","3","3","15","1","74","2023","365","-1","-1","-1","3","15","1","74","2023"
"10204","2023-03-16","Thursday","March","75","11","4","3","16","1","75","2023","365","-1","-1","-1","3","16","1","75","2023"
"10205","2023-03-17","Friday","March","76","11","5","3","17","1","76","2023","365","-1","-1","-1","3","17","1","76","2023"
"10206","2023-03-18","Saturday","March","77","11","6","3","18","1","77","2023","365","-1","-1","-1","3","18","1","77","2023"
"10207","2023-03-19","Sunday","March","78","11","7","3","19","1","78","2023","365","-1","-1","-1","3","19","1","78","2023"
"10208","2023-03-20","Monday","March","79","12","1","3","20","1","79","2023","365","-1","-1","-1","3","20","1","79","2023"
"10209","2023-03-21","Tuesday","March","80","12","2","3","21","1","80","2023","365","-1","-1","-1","3","21","1","80","2023"
"10210","2023-03-22","Wednesday","March","81","12","3","3","22","1","81","2023","365","-1","-1","-1","3","22","1","81","2023"
"10211","2023-03-23","Thursday","March","82","12","4","3","23","1","82","2023","365","-1","-1","-1","3","23","1","82","2023"
"10212","2023-03-24","Friday","March","83","12","5","3","24","1","83","2023","365","-1","-1","-1","3","24","1","83","2023"
"10213","2023-03-25","Saturday","March","84","12","6","3","25","1","84","2023","365","-1","-1","-1","3","25","1","84","2023"
"10214","2023-03-26","Sunday","March","85","12","7","3","26","1","85","2023","365","-1","-1","-1","3","26","1","85","2023"
"10215","2023-03-27","Monday","March","86","13","1","3","27","1","86","2023","365","-1","-1","-1","3","27","1","86","2023"
"10216","2023-03-28","Tuesday","March","87","13","2","3","28","1","87","2023","365","-1","-1","-1","3","28","1","87","2023"
"10217","2023-03-29","Wednesday","March","88","13","3","3","29","1","88","2023","365","-1","-1","-1","3","29","1","88","2023"
"10218","2023-03-30","Thursday","March","89","13","4","3","30","1","89","2023","365","-1","-1","-1","3","30","1","89","2023"
"10219","2023-03-31","Friday","March","90","13","5","3","31","1","90","2023","365","-1","-1","-1","3","31","1","90","2023"
"10289","2023-04-01","Saturday","April","91","13","6","4","1","2","1","2023","365","-1","-1","-1","4","1","2","1","2023"
"10290","2023-04-02","Sunday","April","92","13","7","4","2","2","2","2023","365","-1","-1","-1","4","2","2","2","2023"
"10291","2023-04-03","Monday","April","93","14","1","4","3","2","3","2023","365","-1","-1","-1","4","3","2","3","2023"
"10292","2023-04-04","Tuesday","April","94","14","2","4","4","2","4","2023","365","-1","-1","-1","4","4","2","4","2023"
"10293","2023-04-05","Wednesday","April","95","14","3","4","5","2","5","2023","365","-1","-1","-1","4","5","2","5","2023"
"10294","2023-04-06","Thursday","April","96","14","4","4","6","2","6","2023","365","-1","-1","-1","4","6","2","6","2023"
"10295","2023-04-07","Friday","April","97","14","5","4","7","2","7","2023","365","-1","-1","-1","4","7","2","7","2023"
"10296","2023-04-08","Saturday","April","98","14","6","4","8","2","8","2023","365","-1","-1","-1","4","8","2","8","2023"
"10297","2023-04-09","Sunday","April","99","14","7","4","9","2","9","2023","365","-1","-1","-1","4","9","2","9","2023"
"10298","2023-04-10","Monday","April","100","15","1","4","10","2","10","2023","365","-1","-1","-1","4","10","2","10","2023"
"10299","2023-04-11","Tuesday","April","101","15","2","4","11","2","11","2023","365","-1","-1","-1","4","11","2","11","2023"
"10300","2023-04-12","Wednesday","April","102","15","3","4","12","2","12","2023","365","-1","-1","-1","4","12","2","12","2023"
"10301","2023-04-13","Thursday","April","103","15","4","4","13","2","13","2023","365","-1","-1","-1","4","13","2","13","2023"
"10302","2023-04-14","Friday","April","104","15","5","4","14","2","14","2023","365","-1","-1","-1","4","14","2","14","2023"
"10303","2023-04-15","Saturday","April","105","15","6","4","15","2","15","2023","365","-1","-1","-1","4","15","2","15","2023"
"10304","2023-04-16","Sunday","April","106","15","7","4","16","2","16","2023","365","-1","-1","-1","4","16","2","16","2023"
"10305","2023-04-17","Monday","April","107","16","1","4","17","2","17","2023","365","-1","-1","-1","4","17","2","17","2023"
"10306","2023-04-18","Tuesday","April","108","16","2","4","18","2","18","2023","365","-1","-1","-1","4","18","2","18","2023"
"10307","2023-04-19","Wednesday","April","109","16","3","4","19","2","19","2023","365","-1","-1","-1","4","19","2","19","2023"
"10308","2023-04-20","Thursday","April","110","16","4","4","20","2","20","2023","365","-1","-1","-1","4","20","2","20","2023"
"10309","2023-04-21","Friday","April","111","16","5","4","21","2","21","2023","365","-1","-1","-1","4","21","2","21","2023"
"10310","2023-04-22","Saturday","April","112","16","6","4","22","2","22","2023","365","-1","-1","-1","4","22","2","22","2023"
"10311","2023-04-23","Sunday","April","113","16","7","4","23","2","23","2023","365","-1","-1","-1","4","23","2","23","2023"
"10312","2023-04-24","Monday","April","114","17","1","4","24","2","24","2023","365","-1","-1","-1","4","24","2","24","2023"
"10313","2023-04-25","Tuesday","April","115","17","2","4","25","2","25","2023","365","-1","-1","-1","4","25","2","25","2023"
"10314","2023-04-26","Wednesday","April","116","17","3","4","26","2","26","2023","365","-1","-1","-1","4","26","2","26","2023"
"10315","2023-04-27","Thursday","April","117","17","4","4","27","2","27","2023","365","-1","-1","-1","4","27","2","27","2023"
"10316","2023-04-28","Friday","April","118","17","5","4","28","2","28","2023","365","-1","-1","-1","4","28","2","28","2023"
"10317","2023-04-29","Saturday","April","119","17","6","4","29","2","29","2023","365","-1","-1","-1","4","29","2","29","2023"
"10318","2023-04-30","Sunday","April","120","17","7","4","30","2","30","2023","365","-1","-1","-1","4","30","2","30","2023"
"10389","2023-05-01","Monday","May","121","18","1","5","1","2","31","2023","365","-1","-1","-1","5","1","2","31","2023"
"10390","2023-05-02","Tuesday","May","122","18","2","5","2","2","32","2023","365","-1","-1","-1","5","2","2","32","2023"
"10391","2023-05-03","Wednesday","May","123","18","3","5","3","2","33","2023","365","-1","-1","-1","5","3","2","33","2023"
"10392","2023-05-04","Thursday","May","124","18","4","5","4","2","34","2023","365","-1","-1","-1","5","4","2","34","2023"
"10393","2023-05-05","Friday","May","125","18","5","5","5","2","35","2023","365","-1","-1","-1","5","5","2","35","2023"
"10394","2023-05-06","Saturday","May","126","18","6","5","6","2","36","2023","365","-1","-1","-1","5","6","2","36","2023"
"10395","2023-05-07","Sunday","May","127","18","7","5","7","2","37","2023","365","-1","-1","-1","5","7","2","37","2023"
"10396","2023-05-08","Monday","May","128","19","1","5","8","2","38","2023","365","-1","-1","-1","5","8","2","38","2023"
"10397","2023-05-09","Tuesday","May","129","19","2","5","9","2","39","2023","365","-1","-1","-1","5","9","2","39","2023"
"10398","2023-05-10","Wednesday","May","130","19","3","5","10","2","40","2023","365","-1","-1","-1","5","10","2","40","2023"
"10399","2023-05-11","Thursday","May","131","19","4","5","11","2","41","2023","365","-1","-1","-1","5","11","2","41","2023"
"10400","2023-05-12","Friday","May","132","19","5","5","12","2","42","2023","365","-1","-1","-1","5","12","2","42","2023"
"10401","2023-05-13","Saturday","May","133","19","6","5","13","2","43","2023","365","-1","-1","-1","5","13","2","43","2023"
"10402","2023-05-14","Sunday","May","134","19","7","5","14","2","44","2023","365","-1","-1","-1","5","14","2","44","2023"
"10403","2023-05-15","Monday","May","135","20","1","5","15","2","45","2023","365","-1","-1","-1","5","15","2","45","2023"
"10404","2023-05-16","Tuesday","May","136","20","2","5","16","2","46","2023","365","-1","-1","-1","5","16","2","46","2023"
"10405","2023-05-17","Wednesday","May","137","20","3","5","17","2","47","2023","365","-1","-1","-1","5","17","2","47","2023"
"10406","2023-05-18","Thursday","May","138","20","4","5","18","2","48","2023","365","-1","-1","-1","5","18","2","48","2023"
"10407","2023-05-19","Friday","May","139","20","5","5","19","2","49","2023","365","-1","-1","-1","5","19","2","49","2023"
"10408","2023-05-20","Saturday","May","140","20","6","5","20","2","50","2023","365","-1","-1","-1","5","20","2","50","2023"
"10409","2023-05-21","Sunday","May","141","20","7","5","21","2","51","2023","365","-1","-1","-1","5","21","2","51","2023"
"10410","2023-05-22","Monday","May","142","21","1","5","22","2","52","2023","365","-1","-1","-1","5","22","2","52","2023"
"10411","2023-05-23","Tuesday","May","143","21","2","5","23","2","53","2023","365","-1","-1","-1","5","23","2","53","2023"
"10412","2023-05-24","Wednesday","May","144","21","3","5","24","2","54","2023","365","-1","-1","-1","5","24","2","54","2023"
"10413","2023-05-25","Thursday","May","145","21","4","5","25","2","55","2023","365","-1","-1","-1","5","25","2","55","2023"
"10414","2023-05-26","Friday","May","146","21","5","5","26","2","56","2023","365","-1","-1","-1","5","26","2","56","2023"
"10415","2023-05-27","Saturday","May","147","21","6","5","27","2","57","2023","365","-1","-1","-1","5","27","2","57","2023"
"10416","2023-05-28","Sunday","May","148","21","7","5","28","2","58","2023","365","-1","-1","-1","5","28","2","58","2023"
"10417","2023-05-29","Monday","May","149","22","1","5","29","2","59","2023","365","-1","-1","-1","5","29","2","59","2023"
"10418","2023-05-30","Tuesday","May","150","22","2","5","30","2","60","2023","365","-1","-1","-1","5","30","2","60","2023"
"10419","2023-05-31","Wednesday","May","151","22","3","5","31","2","61","2023","365","-1","-1","-1","5","31","2","61","2023"
"10489","2023-06-01","Thursday","June","152","22","4","6","1","2","62","2023","365","-1","-1","-1","6","1","2","62","2023"
"10490","2023-06-02","Friday","June","153","22","5","6","2","2","63","2023","365","-1","-1","-1","6","2","2","63","2023"
"10491","2023-06-03","Saturday","June","154","22","6","6","3","2","64","2023","365","-1","-1","-1","6","3","2","64","2023"
"10492","2023-06-04","Sunday","June","155","22","7","6","4","2","65","2023","365","-1","-1","-1","6","4","2","65","2023"
"10493","2023-06-05","Monday","June","156","23","1","6","5","2","66","2023","365","-1","-1","-1","6","5","2","66","2023"
"10494","2023-06-06","Tuesday","June","157","23","2","6","6","2","67","2023","365","-1","-1","-1","6","6","2","67","2023"
"10495","2023-06-07","Wednesday","June","158","23","3","6","7","2","68","2023","365","-1","-1","-1","6","7","2","68","2023"
"10496","2023-06-08","Thursday","June","159","23","4","6","8","2","69","2023","365","-1","-1","-1","6","8","2","69","2023"
"10497","2023-06-09","Friday","June","160","23","5","6","9","2","70","2023","365","-1","-1","-1","6","9","2","70","2023"
"10498","2023-06-10","Saturday","June","161","23","6","6","10","2","71","2023","365","-1","-1","-1","6","10","2","71","2023"
"10499","2023-06-11","Sunday","June","162","23","7","6","11","2","72","2023","365","-1","-1","-1","6","11","2","72","2023"
"10500","2023-06-12","Monday","June","163","24","1","6","12","2","73","2023","365","-1","-1","-1","6","12","2","73","2023"
"10501","2023-06-13","Tuesday","June","164","24","2","6","13","2","74","2023","365","-1","-1","-1","6","13","2","74","2023"
"10502","2023-06-14","Wednesday","June","165","24","3","6","14","2","75","2023","365","-1","-1","-1","6","14","2","75","2023"
"10503","2023-06-15","Thursday","June","166","24","4","6","15","2","76","2023","365","-1","-1","-1","6","15","2","76","2023"
"10504","2023-06-16","Friday","June","167","24","5","6","16","2","77","2023","365","-1","-1","-1","6","16","2","77","2023"
"10505","2023-06-17","Saturday","June","168","24","6","6","17","2","78","2023","365","-1","-1","-1","6","17","2","78","2023"
"10506","2023-06-18","Sunday","June","169","24","7","6","18","2","79","2023","365","-1","-1","-1","6","18","2","79","2023"
"10507","2023-06-19","Monday","June","170","25","1","6","19","2","80","2023","365","-1","-1","-1","6","19","2","80","2023"
"10508","2023-06-20","Tuesday","June","171","25","2","6","20","2","81","2023","365","-1","-1","-1","6","20","2","81","2023"
"10509","2023-06-21","Wednesday","June","172","25","3","6","21","2","82","2023","365","-1","-1","-1","6","21","2","82","2023"
"10510","2023-06-22","Thursday","June","173","25","4","6","22","2","83","2023","365","-1","-1","-1","6","22","2","83","2023"
"10511","2023-06-23","Friday","June","174","25","5","6","23","2","84","2023","365","-1","-1","-1","6","23","2","84","2023"
"10512","2023-06-24","Saturday","June","175","25","6","6","24","2","85","2023","365","-1","-1","-1","6","24","2","85","2023"
"10513","2023-06-25","Sunday","June","176","25","7","6","25","2","86","2023","365","-1","-1","-1","6","25","2","86","2023"
"10514","2023-06-26","Monday","June","177","26","1","6","26","2","87","2023","365","-1","-1","-1","6","26","2","87","2023"
"10515","2023-06-27","Tuesday","June","178","26","2","6","27","2","88","2023","365","-1","-1","-1","6","27","2","88","2023"
"10516","2023-06-28","Wednesday","June","179","26","3","6","28","2","89","2023","365","-1","-1","-1","6","28","2","89","2023"
"10517","2023-06-29","Thursday","June","180","26","4","6","29","2","90","2023","365","-1","-1","-1","6","29","2","90","2023"
"10518","2023-06-30","Friday","June","181","26","5","6","30","2","91","2023","365","-1","-1","-1","6","30","2","91","2023"
"10589","2023-07-01","Saturday","July","182","26","6","7","1","3","1","2023","365","-1","-1","-1","7","1","3","1","2023"
"10590","2023-07-02","Sunday","July","183","26","7","7","2","3","2","2023","365","-1","-1","-1","7","2","3","2","2023"
"10591","2023-07-03","Monday","July","184","27","1","7","3","3","3","2023","365","-1","-1","-1","7","3","3","3","2023"
"10592","2023-07-04","Tuesday","July","185","27","2","7","4","3","4","2023","365","-1","-1","-1","7","4","3","4","2023"
"10593","2023-07-05","Wednesday","July","186","27","3","7","5","3","5","2023","365","-1","-1","-1","7","5","3","5","2023"
"10594","2023-07-06","Thursday","July","187","27","4","7","6","3","6","2023","365","-1","-1","-1","7","6","3","6","2023"
"10595","2023-07-07","Friday","July","188","27","5","7","7","3","7","2023","365","-1","-1","-1","7","7","3","7","2023"
"10596","2023-07-08","Saturday","July","189","27","6","7","8","3","8","2023","365","-1","-1","-1","7","8","3","8","2023"
"10597","2023-07-09","Sunday","July","190","27","7","7","9","3","9","2023","365","-1","-1","-1","7","9","3","9","2023"
"10598","2023-07-10","Monday","July","191","28","1","7","10","3","10","2023","365","-1","-1","-1","7","10","3","10","2023"
"10599","2023-07-11","Tuesday","July","192","28","2","7","11","3","11","2023","365","-1","-1","-1","7","11","3","11","2023"
"10600","2023-07-12","Wednesday","July","193","28","3","7","12","3","12","2023","365","-1","-1","-1","7","12","3","12","2023"
"10601","2023-07-13","Thursday","July","194","28","4","7","13","3","13","2023","365","-1","-1","-1","7","13","3","13","2023"
"10602","2023-07-14","Friday","July","195","28","5","7","14","3","14","2023","365","-1","-1","-1","7","14","3","14","2023"
"10603","2023-07-15","Saturday","July","196","28","6","7","15","3","15","2023","365","-1","-1","-1","7","15","3","15","2023"
"10604","2023-07-16","Sunday","July","197","28","7","7","16","3","16","2023","365","-1","-1","-1","7","16","3","16","2023"
"10605","2023-07-17","Monday","July","198","29","1","7","17","3","17","2023","365","-1","-1","-1","7","17","3","17","2023"
"10606","2023-07-18","Tuesday","July","199","29","2","7","18","3","18","2023","365","-1","-1","-1","7","18","3","18","2023"
"10607","2023-07-19","Wednesday","July","200","29","3","7","19","3","19","2023","365","-1","-1","-1","7","19","3","19","2023"
"10608","2023-07-20","Thursday","July","201","29","4","7","20","3","20","2023","365","-1","-1","-1","7","20","3","20","2023"
"10609","2023-07-21","Friday","July","202","29","5","7","21","3","21","2023","365","-1","-1","-1","7","21","3","21","2023"
"10610","2023-07-22","Saturday","July","203","29","6","7","22","3","22","2023","365","-1","-1","-1","7","22","3","22","2023"
"10611","2023-07-23","Sunday","July","204","29","7","7","23","3","23","2023","365","-1","-1","-1","7","23","3","23","2023"
"10612","2023-07-24","Monday","July","205","30","1","7","24","3","24","2023","365","-1","-1","-1","7","24","3","24","2023"
"10613","2023-07-25","Tuesday","July","206","30","2","7","25","3","25","2023","365","-1","-1","-1","7","25","3","25","2023"
"10614","2023-07-26","Wednesday","July","207","30","3","7","26","3","26","2023","365","-1","-1","-1","7","26","3","26","2023"
"10615","2023-07-27","Thursday","July","208","30","4","7","27","3","27","2023","365","-1","-1","-1","7","27","3","27","2023"
"10616","2023-07-28","Friday","July","209","30","5","7","28","3","28","2023","365","-1","-1","-1","7","28","3","28","2023"
"10617","2023-07-29","Saturday","July","210","30","6","7","29","3","29","2023","365","-1","-1","-1","7","29","3","29","2023"
"10618","2023-07-30","Sunday","July","211","30","7","7","30","3","30","2023","365","-1","-1","-1","7","30","3","30","2023"
"10619","2023-07-31","Monday","July","212","31","1","7","31","3","31","2023","365","-1","-1","-1","7","31","3","31","2023"
"10689","2023-08-01","Tuesday","August","213","31","2","8","1","3","32","2023","365","-1","-1","-1","8","1","3","32","2023"
"10690","2023-08-02","Wednesday","August","214","31","3","8","2","3","33","2023","365","-1","-1","-1","8","2","3","33","2023"
"10691","2023-08-03","Thursday","August","215","31","4","8","3","3","34","2023","365","-1","-1","-1","8","3","3","34","2023"
"10692","2023-08-04","Friday","August","216","31","5","8","4","3","35","2023","365","-1","-1","-1","8","4","3","35","2023"
"10693","2023-08-05","Saturday","August","217","31","6","8","5","3","36","2023","365","-1","-1","-1","8","5","3","36","2023"
"10694","2023-08-06","Sunday","August","218","31","7","8","6","3","37","2023","365","-1","-1","-1","8","6","3","37","2023"
"10695","2023-08-07","Monday","August","219","32","1","8","7","3","38","2023","365","-1","-1","-1","8","7","3","38","2023"
"10696","2023-08-08","Tuesday","August","220","32","2","8","8","3","39","2023","365","-1","-1","-1","8","8","3","39","2023"
"10697","2023-08-09","Wednesday","August","221","32","3","8","9","3","40","2023","365","-1","-1","-1","8","9","3","40","2023"
"10698","2023-08-10","Thursday","August","222","32","4","8","10","3","41","2023","365","-1","-1","-1","8","10","3","41","2023"
"10699","2023-08-11","Friday","August","223","32","5","8","11","3","42","2023","365","-1","-1","-1","8","11","3","42","2023"
"10700","2023-08-12","Saturday","August","224","32","6","8","12","3","43","2023","365","-1","-1","-1","8","12","3","43","2023"
"10701","2023-08-13","Sunday","August","225","32","7","8","13","3","44","2023","365","-1","-1","-1","8","13","3","44","2023"
"10702","2023-08-14","Monday","August","226","33","1","8","14","3","45","2023","365","-1","-1","-1","8","14","3","45","2023"
"10703","2023-08-15","Tuesday","August","227","33","2","8","15","3","46","2023","365","-1","-1","-1","8","15","3","46","2023"
"10704","2023-08-16","Wednesday","August","228","33","3","8","16","3","47","2023","365","-1","-1","-1","8","16","3","47","2023"
"10705","2023-08-17","Thursday","August","229","33","4","8","17","3","48","2023","365","-1","-1","-1","8","17","3","48","2023"
"10706","2023-08-18","Friday","August","230","33","5","8","18","3","49","2023","365","-1","-1","-1","8","18","3","49","2023"
"10707","2023-08-19","Saturday","August","231","33","6","8","19","3","50","2023","365","-1","-1","-1","8","19","3","50","2023"
"10708","2023-08-20","Sunday","August","232","33","7","8","20","3","51","2023","365","-1","-1","-1","8","20","3","51","2023"
"10709","2023-08-21","Monday","August","233","34","1","8","21","3","52","2023","365","-1","-1","-1","8","21","3","52","2023"
"10710","2023-08-22","Tuesday","August","234","34","2","8","22","3","53","2023","365","-1","-1","-1","8","22","3","53","2023"
"10711","2023-08-23","Wednesday","August","235","34","3","8","23","3","54","2023","365","-1","-1","-1","8","23","3","54","2023"
"10712","2023-08-24","Thursday","August","236","34","4","8","24","3","55","2023","365","-1","-1","-1","8","24","3","55","2023"
"10713","2023-08-25","Friday","August","237","34","5","8","25","3","56","2023","365","-1","-1","-1","8","25","3","56","2023"
"10714","2023-08-26","Saturday","August","238","34","6","8","26","3","57","2023","365","-1","-1","-1","8","26","3","57","2023"
"10715","2023-08-27","Sunday","August","239","34","7","8","27","3","58","2023","365","-1","-1","-1","8","27","3","58","2023"
"10716","2023-08-28","Monday","August","240","35","1","8","28","3","59","2023","365","-1","-1","-1","8","28","3","59","2023"
"10717","2023-08-29","Tuesday","August","241","35","2","8","29","3","60","2023","365","-1","-1","-1","8","29","3","60","2023"
"10718","2023-08-30","Wednesday","August","242","35","3","8","30","3","61","2023","365","-1","-1","-1","8","30","3","61","2023"
"10719","2023-08-31","Thursday","August","243","35","4","8","31","3","62","2023","365","-1","-1","-1","8","31","3","62","2023"
"10789","2023-09-01","Friday","September","244","35","5","9","1","3","63","2023","365","-1","-1","-1","9","1","3","63","2023"
"10790","2023-09-02","Saturday","September","245","35","6","9","2","3","64","2023","365","-1","-1","-1","9","2","3","64","2023"
"10791","2023-09-03","Sunday","September","246","35","7","9","3","3","65","2023","365","-1","-1","-1","9","3","3","65","2023"
"10792","2023-09-04","Monday","September","247","36","1","9","4","3","66","2023","365","-1","-1","-1","9","4","3","66","2023"
"10793","2023-09-05","Tuesday","September","248","36","2","9","5","3","67","2023","365","-1","-1","-1","9","5","3","67","2023"
"10794","2023-09-06","Wednesday","September","249","36","3","9","6","3","68","2023","365","-1","-1","-1","9","6","3","68","2023"
"10795","2023-09-07","Thursday","September","250","36","4","9","7","3","69","2023","365","-1","-1","-1","9","7","3","69","2023"
"10796","2023-09-08","Friday","September","251","36","5","9","8","3","70","2023","365","-1","-1","-1","9","8","3","70","2023"
"10797","2023-09-09","Saturday","September","252","36","6","9","9","3","71","2023","365","-1","-1","-1","9","9","3","71","2023"
"10798","2023-09-10","Sunday","September","253","36","7","9","10","3","72","2023","365","-1","-1","-1","9","10","3","72","2023"
"10799","2023-09-11","Monday","September","254","37","1","9","11","3","73","2023","365","-1","-1","-1","9","11","3","73","2023"
"10800","2023-09-12","Tuesday","September","255","37","2","9","12","3","74","2023","365","-1","-1","-1","9","12","3","74","2023"
"10801","2023-09-13","Wednesday","September","256","37","3","9","13","3","75","2023","365","-1","-1","-1","9","13","3","75","2023"
"10802","2023-09-14","Thursday","September","257","37","4","9","14","3","76","2023","365","-1","-1","-1","9","14","3","76","2023"
"10803","2023-09-15","Friday","September","258","37","5","9","15","3","77","2023","365","-1","-1","-1","9","15","3","77","2023"
"10804","2023-09-16","Saturday","September","259","37","6","9","16","3","78","2023","365","-1","-1","-1","9","16","3","78","2023"
"10805","2023-09-17","Sunday","September","260","37","7","9","17","3","79","2023","365","-1","-1","-1","9","17","3","79","2023"
"10806","2023-09-18","Monday","September","261","38","1","9","18","3","80","2023","365","-1","-1","-1","9","18","3","80","2023"
"10807","2023-09-19","Tuesday","September","262","38","2","9","19","3","81","2023","365","-1","-1","-1","9","19","3","81","2023"
"10808","2023-09-20","Wednesday","September","263","38","3","9","20","3","82","2023","365","-1","-1","-1","9","20","3","82","2023"
"10809","2023-09-21","Thursday","September","264","38","4","9","21","3","83","2023","365","-1","-1","-1","9","21","3","83","2023"
"10810","2023-09-22","Friday","September","265","38","5","9","22","3","84","2023","365","-1","-1","-1","9","22","3","84","2023"
"10811","2023-09-23","Saturday","September","266","38","6","9","23","3","85","2023","365","-1","-1","-1","9","23","3","85","2023"
"10812","2023-09-24","Sunday","September","267","38","7","9","24","3","86","2023","365","-1","-1","-1","9","24","3","86","2023"
"10813","2023-09-25","Monday","September","268","39","1","9","25","3","87","2023","365","-1","-1","-1","9","25","3","87","2023"
"10814","2023-09-26","Tuesday","September","269","39","2","9","26","3","88","2023","365","-1","-1","-1","9","26","3","88","2023"
"10815","2023-09-27","Wednesday","September","270","39","3","9","27","3","89","2023","365","-1","-1","-1","9","27","3","89","2023"
"10816","2023-09-28","Thursday","September","271","39","4","9","28","3","90","2023","365","-1","-1","-1","9","28","3","90","2023"
"10817","2023-09-29","Friday","September","272","39","5","9","29","3","91","2023","365","-1","-1","-1","9","29","3","91","2023"
"10818","2023-09-30","Saturday","September","273","39","6","9","30","3","92","2023","365","-1","-1","-1","9","30","3","92","2023"
"10889","2023-10-01","Sunday","October","274","39","7","10","1","4","1","2023","365","-1","-1","-1","10","1","4","1","2023"
"10890","2023-10-02","Monday","October","275","40","1","10","2","4","2","2023","365","-1","-1","-1","10","2","4","2","2023"
"10891","2023-10-03","Tuesday","October","276","40","2","10","3","4","3","2023","365","-1","-1","-1","10","3","4","3","2023"
"10892","2023-10-04","Wednesday","October","277","40","3","10","4","4","4","2023","365","-1","-1","-1","10","4","4","4","2023"
"10893","2023-10-05","Thursday","October","278","40","4","10","5","4","5","2023","365","-1","-1","-1","10","5","4","5","2023"
"10894","2023-10-06","Friday","October","279","40","5","10","6","4","6","2023","365","-1","-1","-1","10","6","4","6","2023"
"10895","2023-10-07","Saturday","October","280","40","6","10","7","4","7","2023","365","-1","-1","-1","10","7","4","7","2023"
"10896","2023-10-08","Sunday","October","281","40","7","10","8","4","8","2023","365","-1","-1","-1","10","8","4","8","2023"
"10897","2023-10-09","Monday","October","282","41","1","10","9","4","9","2023","365","-1","-1","-1","10","9","4","9","2023"
"10898","2023-10-10","Tuesday","October","283","41","2","10","10","4","10","2023","365","-1","-1","-1","10","10","4","10","2023"
"10899","2023-10-11","Wednesday","October","284","41","3","10","11","4","11","2023","365","-1","-1","-1","10","11","4","11","2023"
"10900","2023-10-12","Thursday","October","285","41","4","10","12","4","12","2023","365","-1","-1","-1","10","12","4","12","2023"
"10901","2023-10-13","Friday","October","286","41","5","10","13","4","13","2023","365","-1","-1","-1","10","13","4","13","2023"
"10902","2023-10-14","Saturday","October","287","41","6","10","14","4","14","2023","365","-1","-1","-1","10","14","4","14","2023"
"10903","2023-10-15","Sunday","October","288","41","7","10","15","4","15","2023","365","-1","-1","-1","10","15","4","15","2023"
"10904","2023-10-16","Monday","October","289","42","1","10","16","4","16","2023","365","-1","-1","-1","10","16","4","16","2023"
"10905","2023-10-17","Tuesday","October","290","42","2","10","17","4","17","2023","365","-1","-1","-1","10","17","4","17","2023"
"10906","2023-10-18","Wednesday","October","291","42","3","10","18","4","18","2023","365","-1","-1","-1","10","18","4","18","2023"
"10907","2023-10-19","Thursday","October","292","42","4","10","19","4","19","2023","365","-1","-1","-1","10","19","4","19","2023"
"10908","2023-10-20","Friday","October","293","42","5","10","20","4","20","2023","365","-1","-1","-1","10","20","4","20","2023"
"10909","2023-10-21","Saturday","October","294","42","6","10","21","4","21","2023","365","-1","-1","-1","10","21","4","21","2023"
"10910","2023-10-22","Sunday","October","295","42","7","10","22","4","22","2023","365","-1","-1","-1","10","22","4","22","2023"
"10911","2023-10-23","Monday","October","296","43","1","10","23","4","23","2023","365","-1","-1","-1","10","23","4","23","2023"
"10912","2023-10-24","Tuesday","October","297","43","2","10","24","4","24","2023","365","-1","-1","-1","10","24","4","24","2023"
"10913","2023-10-25","Wednesday","October","298","43","3","10","25","4","25","2023","365","-1","-1","-1","10","25","4","25","2023"
"10914","2023-10-26","Thursday","October","299","43","4","10","26","4","26","2023","365","-1","-1","-1","10","26","4","26","2023"
"10915","2023-10-27","Friday","October","300","43","5","10","27","4","27","2023","365","-1","-1","-1","10","27","4","27","2023"
"10916","2023-10-28","Saturday","October","301","43","6","10","28","4","28","2023","365","-1","-1","-1","10","28","4","28","2023"
"10917","2023-10-29","Sunday","October","302","43","7","10","29","4","29","2023","365","-1","-1","-1","10","29","4","29","2023"
"10918","2023-10-30","Monday","October","303","44","1","10","30","4","30","2023","365","-1","-1","-1","10","30","4","30","2023"
"10919","2023-10-31","Tuesday","October","304","44","2","10","31","4","31","2023","365","-1","-1","-1","10","31","4","31","2023"
"10989","2023-11-01","Wednesday","November","305","44","3","11","1","4","32","2023","365","-1","-1","-1","11","1","4","32","2023"
"10990","2023-11-02","Thursday","November","306","44","4","11","2","4","33","2023","365","-1","-1","-1","11","2","4","33","2023"
"10991","2023-11-03","Friday","November","307","44","5","11","3","4","34","2023","365","-1","-1","-1","11","3","4","34","2023"
"10992","2023-11-04","Saturday","November","308","44","6","11","4","4","35","2023","365","-1","-1","-1","11","4","4","35","2023"
"10993","2023-11-05","Sunday","November","309","44","7","11","5","4","36","2023","365","-1","-1","-1","11","5","4","36","2023"
"10994","2023-11-06","Monday","November","310","45","1","11","6","4","37","2023","365","-1","-1","-1","11","6","4","37","2023"
"10995","2023-11-07","Tuesday","November","311","45","2","11","7","4","38","2023","365","-1","-1","-1","11","7","4","38","2023"
"10996","2023-11-08","Wednesday","November","312","45","3","11","8","4","39","2023","365","-1","-1","-1","11","8","4","39","2023"
"10997","2023-11-09","Thursday","November","313","45","4","11","9","4","40","2023","365","-1","-1","-1","11","9","4","40","2023"
"10998","2023-11-10","Friday","November","314","45","5","11","10","4","41","2023","365","-1","-1","-1","11","10","4","41","2023"
"10999","2023-11-11","Saturday","November","315","45","6","11","11","4","42","2023","365","-1","-1","-1","11","11","4","42","2023"
"11000","2023-11-12","Sunday","November","316","45","7","11","12","4","43","2023","365","-1","-1","-1","11","12","4","43","2023"
"11001","2023-11-13","Monday","November","317","46","1","11","13","4","44","2023","365","-1","-1","-1","11","13","4","44","2023"
"11002","2023-11-14","Tuesday","November","318","46","2","11","14","4","45","2023","365","-1","-1","-1","11","14","4","45","2023"
"11003","2023-11-15","Wednesday","November","319","46","3","11","15","4","46","2023","365","-1","-1","-1","11","15","4","46","2023"
"11004","2023-11-16","Thursday","November","320","46","4","11","16","4","47","2023","365","-1","-1","-1","11","16","4","47","2023"
"11005","2023-11-17","Friday","November","321","46","5","11","17","4","48","2023","365","-1","-1","-1","11","17","4","48","2023"
"11006","2023-11-18","Saturday","November","322","46","6","11","18","4","49","2023","365","-1","-1","-1","11","18","4","49","2023"
"11007","2023-11-19","Sunday","November","323","46","7","11","19","4","50","2023","365","-1","-1","-1","11","19","4","50","2023"
"11008","2023-11-20","Monday","November","324","47","1","11","20","4","51","2023","365","-1","-1","-1","11","20","4","51","2023"
"11009","2023-11-21","Tuesday","November","325","47","2","11","21","4","52","2023","365","-1","-1","-1","11","21","4","52","2023"
"11010","2023-11-22","Wednesday","November","326","47","3","11","22","4","53","2023","365","-1","-1","-1","11","22","4","53","2023"
"11011","2023-11-23","Thursday","November","327","47","4","11","23","4","54","2023","365","-1","-1","-1","11","23","4","54","2023"
"11012","2023-11-24","Friday","November","328","47","5","11","24","4","55","2023","365","-1","-1","-1","11","24","4","55","2023"
"11013","2023-11-25","Saturday","November","329","47","6","11","25","4","56","2023","365","-1","-1","-1","11","25","4","56","2023"
"11014","2023-11-26","Sunday","November","330","47","7","11","26","4","57","2023","365","-1","-1","-1","11","26","4","57","2023"
"11015","2023-11-27","Monday","November","331","48","1","11","27","4","58","2023","365","-1","-1","-1","11","27","4","58","2023"
"11016","2023-11-28","Tuesday","November","332","48","2","11","28","4","59","2023","365","-1","-1","-1","11","28","4","59","2023"
"11017","2023-11-29","Wednesday","November","333","48","3","11","29","4","60","2023","365","-1","-1","-1","11","29","4","60","2023"
"11018","2023-11-30","Thursday","November","334","48","4","11","30","4","61","2023","365","-1","-1","-1","11","30","4","61","2023"
"11089","2023-12-01","Friday","December","335","48","5","12","1","4","62","2023","365","-1","-1","-1","12","1","4","62","2023"
"11090","2023-12-02","Saturday","December","336","48","6","12","2","4","63","2023","365","-1","-1","-1","12","2","4","63","2023"
"11091","2023-12-03","Sunday","December","337","48","7","12","3","4","64","2023","365","-1","-1","-1","12","3","4","64","2023"
"11092","2023-12-04","Monday","December","338","49","1","12","4","4","65","2023","365","-1","-1","-1","12","4","4","65","2023"
"11093","2023-12-05","Tuesday","December","339","49","2","12","5","4","66","2023","365","-1","-1","-1","12","5","4","66","2023"
"11094","2023-12-06","Wednesday","December","340","49","3","12","6","4","67","2023","365","-1","-1","-1","12","6","4","67","2023"
"11095","2023-12-07","Thursday","December","341","49","4","12","7","4","68","2023","365","-1","-1","-1","12","7","4","68","2023"
"11096","2023-12-08","Friday","December","342","49","5","12","8","4","69","2023","365","-1","-1","-1","12","8","4","69","2023"
"11097","2023-12-09","Saturday","December","343","49","6","12","9","4","70","2023","365","-1","-1","-1","12","9","4","70","2023"
"11098","2023-12-10","Sunday","December","344","49","7","12","10","4","71","2023","365","-1","-1","-1","12","10","4","71","2023"
"11099","2023-12-11","Monday","December","345","50","1","12","11","4","72","2023","365","-1","-1","-1","12","11","4","72","2023"
"11100","2023-12-12","Tuesday","December","346","50","2","12","12","4","73","2023","365","-1","-1","-1","12","12","4","73","2023"
"11101","2023-12-13","Wednesday","December","347","50","3","12","13","4","74","2023","365","-1","-1","-1","12","13","4","74","2023"
"11102","2023-12-14","Thursday","December","348","50","4","12","14","4","75","2023","365","-1","-1","-1","12","14","4","75","2023"
"11103","2023-12-15","Friday","December","349","50","5","12","15","4","76","2023","365","-1","-1","-1","12","15","4","76","2023"
"11104","2023-12-16","Saturday","December","350","50","6","12","16","4","77","2023","365","-1","-1","-1","12","16","4","77","2023"
"11105","2023-12-17","Sunday","December","351","50","7","12","17","4","78","2023","365","-1","-1","-1","12","17","4","78","2023"
"11106","2023-12-18","Monday","December","352","51","1","12","18","4","79","2023","365","-1","-1","-1","12","18","4","79","2023"
"11107","2023-12-19","Tuesday","December","353","51","2","12","19","4","80","2023","365","-1","-1","-1","12","19","4","80","2023"
"11108","2023-12-20","Wednesday","December","354","51","3","12","20","4","81","2023","365","-1","-1","-1","12","20","4","81","2023"
"11109","2023-12-21","Thursday","December","355","51","4","12","21","4","82","2023","365","-1","-1","-1","12","21","4","82","2023"
"11110","2023-12-22","Friday","December","356","51","5","12","22","4","83","2023","365","-1","-1","-1","12","22","4","83","2023"
"11111","2023-12-23","Saturday","December","357","51","6","12","23","4","84","2023","365","-1","-1","-1","12","23","4","84","2023"
"11112","2023-12-24","Sunday","December","358","51","7","12","24","4","85","2023","365","-1","-1","-1","12","24","4","85","2023"
"11113","2023-12-25","Monday","December","359","52","1","12","25","4","86","2023","365","-1","-1","-1","12","25","4","86","2023"
"11114","2023-12-26","Tuesday","December","360","52","2","12","26","4","87","2023","365","-1","-1","-1","12","26","4","87","2023"
"11115","2023-12-27","Wednesday","December","361","52","3","12","27","4","88","2023","365","-1","-1","-1","12","27","4","88","2023"
"11116","2023-12-28","Thursday","December","362","52","4","12","28","4","89","2023","365","-1","-1","-1","12","28","4","89","2023"
"11117","2023-12-29","Friday","December","363","52","5","12","29","4","90","2023","365","-1","-1","-1","12","29","4","90","2023"
"11118","2023-12-30","Saturday","December","364","52","6","12","30","4","91","2023","365","-1","-1","-1","12","30","4","91","2023"
"11119","2023-12-31","Sunday","December","365","52","7","12","31","4","92","2023","365","-1","-1","-1","12","31","4","92","2023"
"19989","2024-01-01","Monday","January","1","1","1","1","1","1","1","2024","366","-1","-1","-1","1","1","1","1","2024"
"19990","2024-01-02","Tuesday","January","2","1","2","1","2","1","2","2024","366","-1","-1","-1","1","2","1","2","2024"
"19991","2024-01-03","Wednesday","January","3","1","3","1","3","1","3","2024","366","-1","-1","-1","1","3","1","3","2024"
"19992","2024-01-04","Thursday","January","4","1","4","1","4","1","4","2024","366","-1","-1","-1","1","4","1","4","2024"
"19993","2024-01-05","Friday","January","5","1","5","1","5","1","5","2024","366","-1","-1","-1","1","5","1","5","2024"
"19994","2024-01-06","Saturday","January","6","1","6","1","6","1","6","2024","366","-1","-1","-1","1","6","1","6","2024"
"19995","2024-01-07","Sunday","January","7","1","7","1","7","1","7","2024","366","-1","-1","-1","1","7","1","7","2024"
"19996","2024-01-08","Monday","January","8","2","1","1","8","1","8","2024","366","-1","-1","-1","1","8","1","8","2024"
"19997","2024-01-09","Tuesday","January","9","2","2","1","9","1","9","2024","366","-1","-1","-1","1","9","1","9","2024"
"19998","2024-01-10","Wednesday","January","10","2","3","1","10","1","10","2024","366","-1","-1","-1","1","10","1","10","2024"
"19999","2024-01-11","Thursday","January","11","2","4","1","11","1","11","2024","366","-1","-1","-1","1","11","1","11","2024"
"20000","2024-01-12","Friday","January","12","2","5","1","12","1","12","2024","366","-1","-1","-1","1","12","1","12","2024"
"20001","2024-01-13","Saturday","January","13","2","6","1","13","1","13","2024","366","-1","-1","-1","1","13","1","13","2024"
"20002","2024-01-14","Sunday","January","14","2","7","1","14","1","14","2024","366","-1","-1","-1","1","14","1","14","2024"
"20003","2024-01-15","Monday","January","15","3","1","1","15","1","15","2024","366","-1","-1","-1","1","15","1","15","2024"
"20004","2024-01-16","Tuesday","January","16","3","2","1","16","1","16","2024","366","-1","-1","-1","1","16","1","16","2024"
"20005","2024-01-17","Wednesday","January","17","3","3","1","17","1","17","2024","366","-1","-1","-1","1","17","1","17","2024"
"20006","2024-01-18","Thursday","January","18","3","4","1","18","1","18","2024","366","-1","-1","-1","1","18","1","18","2024"
"20007","2024-01-19","Friday","January","19","3","5","1","19","1","19","2024","366","-1","-1","-1","1","19","1","19","2024"
"20008","2024-01-20","Saturday","January","20","3","6","1","20","1","20","2024","366","-1","-1","-1","1","20","1","20","2024"
"20009","2024-01-21","Sunday","January","21","3","7","1","21","1","21","2024","366","-1","-1","-1","1","21","1","21","2024"
"20010","2024-01-22","Monday","January","22","4","1","1","22","1","22","2024","366","-1","-1","-1","1","22","1","22","2024"
"20011","2024-01-23","Tuesday","January","23","4","2","1","23","1","23","2024","366","-1","-1","-1","1","23","1","23","2024"
"20012","2024-01-24","Wednesday","January","24","4","3","1","24","1","24","2024","366","-1","-1","-1","1","24","1","24","2024"
"20013","2024-01-25","Thursday","January","25","4","4","1","25","1","25","2024","366","-1","-1","-1","1","25","1","25","2024"
"20014","2024-01-26","Friday","January","26","4","5","1","26","1","26","2024","366","-1","-1","-1","1","26","1","26","2024"
"20015","2024-01-27","Saturday","January","27","4","6","1","27","1","27","2024","366","-1","-1","-1","1","27","1","27","2024"
"20016","2024-01-28","Sunday","January","28","4","7","1","28","1","28","2024","366","-1","-1","-1","1","28","1","28","2024"
"20017","2024-01-29","Monday","January","29","5","1","1","29","1","29","2024","366","-1","-1","-1","1","29","1","29","2024"
"20018","2024-01-30","Tuesday","January","30","5","2","1","30","1","30","2024","366","-1","-1","-1","1","30","1","30","2024"
"20019","2024-01-31","Wednesday","January","31","5","3","1","31","1","31","2024","366","-1","-1","-1","1","31","1","31","2024"
"20089","2024-02-01","Thursday","February","32","5","4","2","1","1","32","2024","366","-1","-1","-1","2","1","1","32","2024"
"20090","2024-02-02","Friday","February","33","5","5","2","2","1","33","2024","366","-1","-1","-1","2","2","1","33","2024"
"20091","2024-02-03","Saturday","February","34","5","6","2","3","1","34","2024","366","-1","-1","-1","2","3","1","34","2024"
"20092","2024-02-04","Sunday","February","35","5","7","2","4","1","35","2024","366","-1","-1","-1","2","4","1","35","2024"
"20093","2024-02-05","Monday","February","36","6","1","2","5","1","36","2024","366","-1","-1","-1","2","5","1","36","2024"
"20094","2024-02-06","Tuesday","February","37","6","2","2","6","1","37","2024","366","-1","-1","-1","2","6","1","37","2024"
"20095","2024-02-07","Wednesday","February","38","6","3","2","7","1","38","2024","366","-1","-1","-1","2","7","1","38","2024"
"20096","2024-02-08","Thursday","February","39","6","4","2","8","1","39","2024","366","-1","-1","-1","2","8","1","39","2024"
"20097","2024-02-09","Friday","February","40","6","5","2","9","1","40","2024","366","-1","-1","-1","2","9","1","40","2024"
"20098","2024-02-10","Saturday","February","41","6","6","2","10","1","41","2024","366","-1","-1","-1","2","10","1","41","2024"
"20099","2024-02-11","Sunday","February","42","6","7","2","11","1","42","2024","366","-1","-1","-1","2","11","1","42","2024"
"20100","2024-02-12","Monday","February","43","7","1","2","12","1","43","2024","366","-1","-1","-1","2","12","1","43","2024"
"20101","2024-02-13","Tuesday","February","44","7","2","2","13","1","44","2024","366","-1","-1","-1","2","13","1","44","2024"
"20102","2024-02-14","Wednesday","February","45","7","3","2","14","1","45","2024","366","-1","-1","-1","2","14","1","45","2024"
"20103","2024-02-15","Thursday","February","46","7","4","2","15","1","46","2024","366","-1","-1","-1","2","15","1","46","2024"
"20104","2024-02-16","Friday","February","47","7","5","2","16","1","47","2024","366","-1","-1","-1","2","16","1","47","2024"
"20105","2024-02-17","Saturday","February","48","7","6","2","17","1","48","2024","366","-1","-1","-1","2","17","1","48","2024"
"20106","2024-02-18","Sunday","February","49","7","7","2","18","1","49","2024","366","-1","-1","-1","2","18","1","49","2024"
"20107","2024-02-19","Monday","February","50","8","1","2","19","1","50","2024","366","-1","-1","-1","2","19","1","50","2024"
"20108","2024-02-20","Tuesday","February","51","8","2","2","20","1","51","2024","366","-1","-1","-1","2","20","1","51","2024"
"20109","2024-02-21","Wednesday","February","52","8","3","2","21","1","52","2024","366","-1","-1","-1","2","21","1","52","2024"
"20110","2024-02-22","Thursday","February","53","8","4","2","22","1","53","2024","366","-1","-1","-1","2","22","1","53","2024"
"20111","2024-02-23","Friday","February","54","8","5","2","23","1","54","2024","366","-1","-1","-1","2","23","1","54","2024"
"20112","2024-02-24","Saturday","February","55","8","6","2","24","1","55","2024","366","-1","-1","-1","2","24","1","55","2024"
"20113","2024-02-25","Sunday","February","56","8","7","2","25","1","56","2024","366","-1","-1","-1","2","25","1","56","2024"
"20114","2024-02-26","Monday","February","57","9","1","2","26","1","57","2024","366","-1","-1","-1","2","26","1","57","2024"
"20115","2024-02-27","Tuesday","February","58","9","2","2","27","1","58","2024","366","-1","-1","-1","2","27","1","58","2024"
"20116","2024-02-28","Wednesday","February","59","9","3","2","28","1","59","2024","366","-1","-1","-1","2","28","1","59","2024"
"20117","2024-02-29","Thursday","February","60","9","4","2","29","1","60","2024","366","-1","-1","-1","2","29","1","60","2024"
"20189","2024-03-01","Friday","March","61","9","5","3","1","1","61","2024","366","-1","-1","-1","3","1","1","61","2024"
"20190","2024-03-02","Saturday","March","62","9","6","3","2","1","62","2024","366","-1","-1","-1","3","2","1","62","2024"
"20191","2024-03-03","Sunday","March","63","9","7","3","3","1","63","2024","366","-1","-1","-1","3","3","1","63","2024"
"20192","2024-03-04","Monday","March","64","10","1","3","4","1","64","2024","366","-1","-1","-1","3","4","1","64","2024"
"20193","2024-03-05","Tuesday","March","65","10","2","3","5","1","65","2024","366","-1","-1","-1","3","5","1","65","2024"
"20194","2024-03-06","Wednesday","March","66","10","3","3","6","1","66","2024","366","-1","-1","-1","3","6","1","66","2024"
"20195","2024-03-07","Thursday","March","67","10","4","3","7","1","67","2024","366","-1","-1","-1","3","7","1","67","2024"
"20196","2024-03-08","Friday","March","68","10","5","3","8","1","68","2024","366","-1","-1","-1","3","8","1","68","2024"
"20197","2024-03-09","Saturday","March","69","10","6","3","9","1","69","2024","366","-1","-1","-1","3","9","1","69","2024"
"20198","2024-03-10","Sunday","March","70","10","7","3","10","1","70","2024","366","-1","-1","-1","3","10","1","70","2024"
"20199","2024-03-11","Monday","March","71","11","1","3","11","1","71","2024","366","-1","-1","-1","3","11","1","71","2024"
"20200","2024-03-12","Tuesday","March","72","11","2","3","12","1","72","2024","366","-1","-1","-1","3","12","1","72","2024"
"20201","2024-03-13","Wednesday","March","73","11","3","3","13","1","73","2024","366","-1","-1","-1","3","13","1","73","2024"
"20202","2024-03-14","Thursday","March","74","11","4","3","14","1","74","2024","366","-1","-1","-1","3","14","1","74","2024"
"20203","2024-03-15","Friday","March","75","11","5","3","15","1","75","2024","366","-1","-1","-1","3","15","1","75","2024"
"20204","2024-03-16","Saturday","March","76","11","6","3","16","1","76","2024","366","-1","-1","-1","3","16","1","76","2024"
"20205","2024-03-17","Sunday","March","77","11","7","3","17","1","77","2024","366","-1","-1","-1","3","17","1","77","2024"
"20206","2024-03-18","Monday","March","78","12","1","3","18","1","78","2024","366","-1","-1","-1","3","18","1","78","2024"
"20207","2024-03-19","Tuesday","March","79","12","2","3","19","1","79","2024","366","-1","-1","-1","3","19","1","79","2024"
"20208","2024-03-20","Wednesday","March","80","12","3","3","20","1","80","2024","366","-1","-1","-1","3","20","1","80","2024"
"20209","2024-03-21","Thursday","March","81","12","4","3","21","1","81","2024","366","-1","-1","-1","3","21","1","81","2024"
"20210","2024-03-22","Friday","March","82","12","5","3","22","1","82","2024","366","-1","-1","-1","3","22","1","82","2024"
"20211","2024-03-23","Saturday","March","83","12","6","3","23","1","83","2024","366","-1","-1","-1","3","23","1","83","2024"
"20212","2024-03-24","Sunday","March","84","12","7","3","24","1","84","2024","366","-1","-1","-1","3","24","1","84","2024"
"20213","2024-03-25","Monday","March","85","13","1","3","25","1","85","2024","366","-1","-1","-1","3","25","1","85","2024"
"20214","2024-03-26","Tuesday","March","86","13","2","3","26","1","86","2024","366","-1","-1","-1","3","26","1","86","2024"
"20215","2024-03-27","Wednesday","March","87","13","3","3","27","1","87","2024","366","-1","-1","-1","3","27","1","87","2024"
"20216","2024-03-28","Thursday","March","88","13","4","3","28","1","88","2024","366","-1","-1","-1","3","28","1","88","2024"
"20217","2024-03-29","Friday","March","89","13","5","3","29","1","89","2024","366","-1","-1","-1","3","29","1","89","2024"
"20218","2024-03-30","Saturday","March","90","13","6","3","30","1","90","2024","366","-1","-1","-1","3","30","1","90","2024"
"20219","2024-03-31","Sunday","March","91","13","7","3","31","1","91","2024","366","-1","-1","-1","3","31","1","91","2024"
"20289","2024-04-01","Monday","April","92","14","1","4","1","2","1","2024","366","-1","-1","-1","4","1","2","1","2024"
"20290","2024-04-02","Tuesday","April","93","14","2","4","2","2","2","2024","366","-1","-1","-1","4","2","2","2","2024"
"20291","2024-04-03","Wednesday","April","94","14","3","4","3","2","3","2024","366","-1","-1","-1","4","3","2","3","2024"
"20292","2024-04-04","Thursday","April","95","14","4","4","4","2","4","2024","366","-1","-1","-1","4","4","2","4","2024"
"20293","2024-04-05","Friday","April","96","14","5","4","5","2","5","2024","366","-1","-1","-1","4","5","2","5","2024"
"20294","2024-04-06","Saturday","April","97","14","6","4","6","2","6","2024","366","-1","-1","-1","4","6","2","6","2024"
"20295","2024-04-07","Sunday","April","98","14","7","4","7","2","7","2024","366","-1","-1","-1","4","7","2","7","2024"
"20296","2024-04-08","Monday","April","99","15","1","4","8","2","8","2024","366","-1","-1","-1","4","8","2","8","2024"
"20297","2024-04-09","Tuesday","April","100","15","2","4","9","2","9","2024","366","-1","-1","-1","4","9","2","9","2024"
"20298","2024-04-10","Wednesday","April","101","15","3","4","10","2","10","2024","366","-1","-1","-1","4","10","2","10","2024"
"20299","2024-04-11","Thursday","April","102","15","4","4","11","2","11","2024","366","-1","-1","-1","4","11","2","11","2024"
"20300","2024-04-12","Friday","April","103","15","5","4","12","2","12","2024","366","-1","-1","-1","4","12","2","12","2024"
"20301","2024-04-13","Saturday","April","104","15","6","4","13","2","13","2024","366","-1","-1","-1","4","13","2","13","2024"
"20302","2024-04-14","Sunday","April","105","15","7","4","14","2","14","2024","366","-1","-1","-1","4","14","2","14","2024"
"20303","2024-04-15","Monday","April","106","16","1","4","15","2","15","2024","366","-1","-1","-1","4","15","2","15","2024"
"20304","2024-04-16","Tuesday","April","107","16","2","4","16","2","16","2024","366","-1","-1","-1","4","16","2","16","2024"
"20305","2024-04-17","Wednesday","April","108","16","3","4","17","2","17","2024","366","-1","-1","-1","4","17","2","17","2024"
"20306","2024-04-18","Thursday","April","109","16","4","4","18","2","18","2024","366","-1","-1","-1","4","18","2","18","2024"
"20307","2024-04-19","Friday","April","110","16","5","4","19","2","19","2024","366","-1","-1","-1","4","19","2","19","2024"
"20308","2024-04-20","Saturday","April","111","16","6","4","20","2","20","2024","366","-1","-1","-1","4","20","2","20","2024"
"20309","2024-04-21","Sunday","April","112","16","7","4","21","2","21","2024","366","-1","-1","-1","4","21","2","21","2024"
"20310","2024-04-22","Monday","April","113","17","1","4","22","2","22","2024","366","-1","-1","-1","4","22","2","22","2024"
"20311","2024-04-23","Tuesday","April","114","17","2","4","23","2","23","2024","366","-1","-1","-1","4","23","2","23","2024"
"20312","2024-04-24","Wednesday","April","115","17","3","4","24","2","24","2024","366","-1","-1","-1","4","24","2","24","2024"
"20313","2024-04-25","Thursday","April","116","17","4","4","25","2","25","2024","366","-1","-1","-1","4","25","2","25","2024"
"20314","2024-04-26","Friday","April","117","17","5","4","26","2","26","2024","366","-1","-1","-1","4","26","2","26","2024"
"20315","2024-04-27","Saturday","April","118","17","6","4","27","2","27","2024","366","-1","-1","-1","4","27","2","27","2024"
"20316","2024-04-28","Sunday","April","119","17","7","4","28","2","28","2024","366","-1","-1","-1","4","28","2","28","2024"
"20317","2024-04-29","Monday","April","120","18","1","4","29","2","29","2024","366","-1","-1","-1","4","29","2","29","2024"
"20318","2024-04-30","Tuesday","April","121","18","2","4","30","2","30","2024","366","-1","-1","-1","4","30","2","30","2024"
"20389","2024-05-01","Wednesday","May","122","18","3","5","1","2","31","2024","366","-1","-1","-1","5","1","2","31","2024"
"20390","2024-05-02","Thursday","May","123","18","4","5","2","2","32","2024","366","-1","-1","-1","5","2","2","32","2024"
"20391","2024-05-03","Friday","May","124","18","5","5","3","2","33","2024","366","-1","-1","-1","5","3","2","33","2024"
"20392","2024-05-04","Saturday","May","125","18","6","5","4","2","34","2024","366","-1","-1","-1","5","4","2","34","2024"
"20393","2024-05-05","Sunday","May","126","18","7","5","5","2","35","2024","366","-1","-1","-1","5","5","2","35","2024"
"20394","2024-05-06","Monday","May","127","19","1","5","6","2","36","2024","366","-1","-1","-1","5","6","2","36","2024"
"20395","2024-05-07","Tuesday","May","128","19","2","5","7","2","37","2024","366","-1","-1","-1","5","7","2","37","2024"
"20396","2024-05-08","Wednesday","May","129","19","3","5","8","2","38","2024","366","-1","-1","-1","5","8","2","38","2024"
"20397","2024-05-09","Thursday","May","130","19","4","5","9","2","39","2024","366","-1","-1","-1","5","9","2","39","2024"
"20398","2024-05-10","Friday","May","131","19","5","5","10","2","40","2024","366","-1","-1","-1","5","10","2","40","2024"
"20399","2024-05-11","Saturday","May","132","19","6","5","11","2","41","2024","366","-1","-1","-1","5","11","2","41","2024"
"20400","2024-05-12","Sunday","May","133","19","7","5","12","2","42","2024","366","-1","-1","-1","5","12","2","42","2024"
"20401","2024-05-13","Monday","May","134","20","1","5","13","2","43","2024","366","-1","-1","-1","5","13","2","43","2024"
"20402","2024-05-14","Tuesday","May","135","20","2","5","14","2","44","2024","366","-1","-1","-1","5","14","2","44","2024"
"20403","2024-05-15","Wednesday","May","136","20","3","5","15","2","45","2024","366","-1","-1","-1","5","15","2","45","2024"
"20404","2024-05-16","Thursday","May","137","20","4","5","16","2","46","2024","366","-1","-1","-1","5","16","2","46","2024"
"20405","2024-05-17","Friday","May","138","20","5","5","17","2","47","2024","366","-1","-1","-1","5","17","2","47","2024"
"20406","2024-05-18","Saturday","May","139","20","6","5","18","2","48","2024","366","-1","-1","-1","5","18","2","48","2024"
"20407","2024-05-19","Sunday","May","140","20","7","5","19","2","49","2024","366","-1","-1","-1","5","19","2","49","2024"
"20408","2024-05-20","Monday","May","141","21","1","5","20","2","50","2024","366","-1","-1","-1","5","20","2","50","2024"
"20409","2024-05-21","Tuesday","May","142","21","2","5","21","2","51","2024","366","-1","-1","-1","5","21","2","51","2024"
"20410","2024-05-22","Wednesday","May","143","21","3","5","22","2","52","2024","366","-1","-1","-1","5","22","2","52","2024"
"20411","2024-05-23","Thursday","May","144","21","4","5","23","2","53","2024","366","-1","-1","-1","5","23","2","53","2024"
"20412","2024-05-24","Friday","May","145","21","5","5","24","2","54","2024","366","-1","-1","-1","5","24","2","54","2024"
"20413","2024-05-25","Saturday","May","146","21","6","5","25","2","55","2024","366","-1","-1","-1","5","25","2","55","2024"
"20414","2024-05-26","Sunday","May","147","21","7","5","26","2","56","2024","366","-1","-1","-1","5","26","2","56","2024"
"20415","2024-05-27","Monday","May","148","22","1","5","27","2","57","2024","366","-1","-1","-1","5","27","2","57","2024"
"20416","2024-05-28","Tuesday","May","149","22","2","5","28","2","58","2024","366","-1","-1","-1","5","28","2","58","2024"
"20417","2024-05-29","Wednesday","May","150","22","3","5","29","2","59","2024","366","-1","-1","-1","5","29","2","59","2024"
"20418","2024-05-30","Thursday","May","151","22","4","5","30","2","60","2024","366","-1","-1","-1","5","30","2","60","2024"
"20419","2024-05-31","Friday","May","152","22","5","5","31","2","61","2024","366","-1","-1","-1","5","31","2","61","2024"
"20489","2024-06-01","Saturday","June","153","22","6","6","1","2","62","2024","366","-1","-1","-1","6","1","2","62","2024"
"20490","2024-06-02","Sunday","June","154","22","7","6","2","2","63","2024","366","-1","-1","-1","6","2","2","63","2024"
"20491","2024-06-03","Monday","June","155","23","1","6","3","2","64","2024","366","-1","-1","-1","6","3","2","64","2024"
"20492","2024-06-04","Tuesday","June","156","23","2","6","4","2","65","2024","366","-1","-1","-1","6","4","2","65","2024"
"20493","2024-06-05","Wednesday","June","157","23","3","6","5","2","66","2024","366","-1","-1","-1","6","5","2","66","2024"
"20494","2024-06-06","Thursday","June","158","23","4","6","6","2","67","2024","366","-1","-1","-1","6","6","2","67","2024"
"20495","2024-06-07","Friday","June","159","23","5","6","7","2","68","2024","366","-1","-1","-1","6","7","2","68","2024"
"20496","2024-06-08","Saturday","June","160","23","6","6","8","2","69","2024","366","-1","-1","-1","6","8","2","69","2024"
"20497","2024-06-09","Sunday","June","161","23","7","6","9","2","70","2024","366","-1","-1","-1","6","9","2","70","2024"
"20498","2024-06-10","Monday","June","162","24","1","6","10","2","71","2024","366","-1","-1","-1","6","10","2","71","2024"
"20499","2024-06-11","Tuesday","June","163","24","2","6","11","2","72","2024","366","-1","-1","-1","6","11","2","72","2024"
"20500","2024-06-12","Wednesday","June","164","24","3","6","12","2","73","2024","366","-1","-1","-1","6","12","2","73","2024"
"20501","2024-06-13","Thursday","June","165","24","4","6","13","2","74","2024","366","-1","-1","-1","6","13","2","74","2024"
"20502","2024-06-14","Friday","June","166","24","5","6","14","2","75","2024","366","-1","-1","-1","6","14","2","75","2024"
"20503","2024-06-15","Saturday","June","167","24","6","6","15","2","76","2024","366","-1","-1","-1","6","15","2","76","2024"
"20504","2024-06-16","Sunday","June","168","24","7","6","16","2","77","2024","366","-1","-1","-1","6","16","2","77","2024"
"20505","2024-06-17","Monday","June","169","25","1","6","17","2","78","2024","366","-1","-1","-1","6","17","2","78","2024"
"20506","2024-06-18","Tuesday","June","170","25","2","6","18","2","79","2024","366","-1","-1","-1","6","18","2","79","2024"
"20507","2024-06-19","Wednesday","June","171","25","3","6","19","2","80","2024","366","-1","-1","-1","6","19","2","80","2024"
"20508","2024-06-20","Thursday","June","172","25","4","6","20","2","81","2024","366","-1","-1","-1","6","20","2","81","2024"
"20509","2024-06-21","Friday","June","173","25","5","6","21","2","82","2024","366","-1","-1","-1","6","21","2","82","2024"
"20510","2024-06-22","Saturday","June","174","25","6","6","22","2","83","2024","366","-1","-1","-1","6","22","2","83","2024"
"20511","2024-06-23","Sunday","June","175","25","7","6","23","2","84","2024","366","-1","-1","-1","6","23","2","84","2024"
"20512","2024-06-24","Monday","June","176","26","1","6","24","2","85","2024","366","-1","-1","-1","6","24","2","85","2024"
"20513","2024-06-25","Tuesday","June","177","26","2","6","25","2","86","2024","366","-1","-1","-1","6","25","2","86","2024"
"20514","2024-06-26","Wednesday","June","178","26","3","6","26","2","87","2024","366","-1","-1","-1","6","26","2","87","2024"
"20515","2024-06-27","Thursday","June","179","26","4","6","27","2","88","2024","366","-1","-1","-1","6","27","2","88","2024"
"20516","2024-06-28","Friday","June","180","26","5","6","28","2","89","2024","366","-1","-1","-1","6","28","2","89","2024"
"20517","2024-06-29","Saturday","June","181","26","6","6","29","2","90","2024","366","-1","-1","-1","6","29","2","90","2024"
"20518","2024-06-30","Sunday","June","182","26","7","6","30","2","91","2024","366","-1","-1","-1","6","30","2","91","2024"
"20589","2024-07-01","Monday","July","183","27","1","7","1","3","1","2024","366","-1","-1","-1","7","1","3","1","2024"
"20590","2024-07-02","Tuesday","July","184","27","2","7","2","3","2","2024","366","-1","-1","-1","7","2","3","2","2024"
"20591","2024-07-03","Wednesday","July","185","27","3","7","3","3","3","2024","366","-1","-1","-1","7","3","3","3","2024"
"20592","2024-07-04","Thursday","July","186","27","4","7","4","3","4","2024","366","-1","-1","-1","7","4","3","4","2024"
"20593","2024-07-05","Friday","July","187","27","5","7","5","3","5","2024","366","-1","-1","-1","7","5","3","5","2024"
"20594","2024-07-06","Saturday","July","188","27","6","7","6","3","6","2024","366","-1","-1","-1","7","6","3","6","2024"
"20595","2024-07-07","Sunday","July","189","27","7","7","7","3","7","2024","366","-1","-1","-1","7","7","3","7","2024"
"20596","2024-07-08","Monday","July","190","28","1","7","8","3","8","2024","366","-1","-1","-1","7","8","3","8","2024"
"20597","2024-07-09","Tuesday","July","191","28","2","7","9","3","9","2024","366","-1","-1","-1","7","9","3","9","2024"
"20598","2024-07-10","Wednesday","July","192","28","3","7","10","3","10","2024","366","-1","-1","-1","7","10","3","10","2024"
"20599","2024-07-11","Thursday","July","193","28","4","7","11","3","11","2024","366","-1","-1","-1","7","11","3","11","2024"
"20600","2024-07-12","Friday","July","194","28","5","7","12","3","12","2024","366","-1","-1","-1","7","12","3","12","2024"
"20601","2024-07-13","Saturday","July","195","28","6","7","13","3","13","2024","366","-1","-1","-1","7","13","3","13","2024"
"20602","2024-07-14","Sunday","July","196","28","7","7","14","3","14","2024","366","-1","-1","-1","7","14","3","14","2024"
"20603","2024-07-15","Monday","July","197","29","1","7","15","3","15","2024","366","-1","-1","-1","7","15","3","15","2024"
"20604","2024-07-16","Tuesday","July","198","29","2","7","16","3","16","2024","366","-1","-1","-1","7","16","3","16","2024"
"20605","2024-07-17","Wednesday","July","199","29","3","7","17","3","17","2024","366","-1","-1","-1","7","17","3","17","2024"
"20606","2024-07-18","Thursday","July","200","29","4","7","18","3","18","2024","366","-1","-1","-1","7","18","3","18","2024"
"20607","2024-07-19","Friday","July","201","29","5","7","19","3","19","2024","366","-1","-1","-1","7","19","3","19","2024"
"20608","2024-07-20","Saturday","July","202","29","6","7","20","3","20","2024","366","-1","-1","-1","7","20","3","20","2024"
"20609","2024-07-21","Sunday","July","203","29","7","7","21","3","21","2024","366","-1","-1","-1","7","21","3","21","2024"
"20610","2024-07-22","Monday","July","204","30","1","7","22","3","22","2024","366","-1","-1","-1","7","22","3","22","2024"
"20611","2024-07-23","Tuesday","July","205","30","2","7","23","3","23","2024","366","-1","-1","-1","7","23","3","23","2024"
"20612","2024-07-24","Wednesday","July","206","30","3","7","24","3","24","2024","366","-1","-1","-1","7","24","3","24","2024"
"20613","2024-07-25","Thursday","July","207","30","4","7","25","3","25","2024","366","-1","-1","-1","7","25","3","25","2024"
"20614","2024-07-26","Friday","July","208","30","5","7","26","3","26","2024","366","-1","-1","-1","7","26","3","26","2024"
"20615","2024-07-27","Saturday","July","209","30","6","7","27","3","27","2024","366","-1","-1","-1","7","27","3","27","2024"
"20616","2024-07-28","Sunday","July","210","30","7","7","28","3","28","2024","366","-1","-1","-1","7","28","3","28","2024"
"20617","2024-07-29","Monday","July","211","31","1","7","29","3","29","2024","366","-1","-1","-1","7","29","3","29","2024"
"20618","2024-07-30","Tuesday","July","212","31","2","7","30","3","30","2024","366","-1","-1","-1","7","30","3","30","2024"
"20619","2024-07-31","Wednesday","July","213","31","3","7","31","3","31","2024","366","-1","-1","-1","7","31","3","31","2024"
"20689","2024-08-01","Thursday","August","214","31","4","8","1","3","32","2024","366","-1","-1","-1","8","1","3","32","2024"
"20690","2024-08-02","Friday","August","215","31","5","8","2","3","33","2024","366","-1","-1","-1","8","2","3","33","2024"
"20691","2024-08-03","Saturday","August","216","31","6","8","3","3","34","2024","366","-1","-1","-1","8","3","3","34","2024"
"20692","2024-08-04","Sunday","August","217","31","7","8","4","3","35","2024","366","-1","-1","-1","8","4","3","35","2024"
"20693","2024-08-05","Monday","August","218","32","1","8","5","3","36","2024","366","-1","-1","-1","8","5","3","36","2024"
"20694","2024-08-06","Tuesday","August","219","32","2","8","6","3","37","2024","366","-1","-1","-1","8","6","3","37","2024"
"20695","2024-08-07","Wednesday","August","220","32","3","8","7","3","38","2024","366","-1","-1","-1","8","7","3","38","2024"
"20696","2024-08-08","Thursday","August","221","32","4","8","8","3","39","2024","366","-1","-1","-1","8","8","3","39","2024"
"20697","2024-08-09","Friday","August","222","32","5","8","9","3","40","2024","366","-1","-1","-1","8","9","3","40","2024"
"20698","2024-08-10","Saturday","August","223","32","6","8","10","3","41","2024","366","-1","-1","-1","8","10","3","41","2024"
"20699","2024-08-11","Sunday","August","224","32","7","8","11","3","42","2024","366","-1","-1","-1","8","11","3","42","2024"
"20700","2024-08-12","Monday","August","225","33","1","8","12","3","43","2024","366","-1","-1","-1","8","12","3","43","2024"
"20701","2024-08-13","Tuesday","August","226","33","2","8","13","3","44","2024","366","-1","-1","-1","8","13","3","44","2024"
"20702","2024-08-14","Wednesday","August","227","33","3","8","14","3","45","2024","366","-1","-1","-1","8","14","3","45","2024"
"20703","2024-08-15","Thursday","August","228","33","4","8","15","3","46","2024","366","-1","-1","-1","8","15","3","46","2024"
"20704","2024-08-16","Friday","August","229","33","5","8","16","3","47","2024","366","-1","-1","-1","8","16","3","47","2024"
"20705","2024-08-17","Saturday","August","230","33","6","8","17","3","48","2024","366","-1","-1","-1","8","17","3","48","2024"
"20706","2024-08-18","Sunday","August","231","33","7","8","18","3","49","2024","366","-1","-1","-1","8","18","3","49","2024"
"20707","2024-08-19","Monday","August","232","34","1","8","19","3","50","2024","366","-1","-1","-1","8","19","3","50","2024"
"20708","2024-08-20","Tuesday","August","233","34","2","8","20","3","51","2024","366","-1","-1","-1","8","20","3","51","2024"
"20709","2024-08-21","Wednesday","August","234","34","3","8","21","3","52","2024","366","-1","-1","-1","8","21","3","52","2024"
"20710","2024-08-22","Thursday","August","235","34","4","8","22","3","53","2024","366","-1","-1","-1","8","22","3","53","2024"
"20711","2024-08-23","Friday","August","236","34","5","8","23","3","54","2024","366","-1","-1","-1","8","23","3","54","2024"
"20712","2024-08-24","Saturday","August","237","34","6","8","24","3","55","2024","366","-1","-1","-1","8","24","3","55","2024"
"20713","2024-08-25","Sunday","August","238","34","7","8","25","3","56","2024","366","-1","-1","-1","8","25","3","56","2024"
"20714","2024-08-26","Monday","August","239","35","1","8","26","3","57","2024","366","-1","-1","-1","8","26","3","57","2024"
"20715","2024-08-27","Tuesday","August","240","35","2","8","27","3","58","2024","366","-1","-1","-1","8","27","3","58","2024"
"20716","2024-08-28","Wednesday","August","241","35","3","8","28","3","59","2024","366","-1","-1","-1","8","28","3","59","2024"
"20717","2024-08-29","Thursday","August","242","35","4","8","29","3","60","2024","366","-1","-1","-1","8","29","3","60","2024"
"20718","2024-08-30","Friday","August","243","35","5","8","30","3","61","2024","366","-1","-1","-1","8","30","3","61","2024"
"20719","2024-08-31","Saturday","August","244","35","6","8","31","3","62","2024","366","-1","-1","-1","8","31","3","62","2024"
"20789","2024-09-01","Sunday","September","245","35","7","9","1","3","63","2024","366","-1","-1","-1","9","1","3","63","2024"
"20790","2024-09-02","Monday","September","246","36","1","9","2","3","64","2024","366","-1","-1","-1","9","2","3","64","2024"
"20791","2024-09-03","Tuesday","September","247","36","2","9","3","3","65","2024","366","-1","-1","-1","9","3","3","65","2024"
"20792","2024-09-04","Wednesday","September","248","36","3","9","4","3","66","2024","366","-1","-1","-1","9","4","3","66","2024"
"20793","2024-09-05","Thursday","September","249","36","4","9","5","3","67","2024","366","-1","-1","-1","9","5","3","67","2024"
"20794","2024-09-06","Friday","September","250","36","5","9","6","3","68","2024","366","-1","-1","-1","9","6","3","68","2024"
"20795","2024-09-07","Saturday","September","251","36","6","9","7","3","69","2024","366","-1","-1","-1","9","7","3","69","2024"
"20796","2024-09-08","Sunday","September","252","36","7","9","8","3","70","2024","366","-1","-1","-1","9","8","3","70","2024"
"20797","2024-09-09","Monday","September","253","37","1","9","9","3","71","2024","366","-1","-1","-1","9","9","3","71","2024"
"20798","2024-09-10","Tuesday","September","254","37","2","9","10","3","72","2024","366","-1","-1","-1","9","10","3","72","2024"
"20799","2024-09-11","Wednesday","September","255","37","3","9","11","3","73","2024","366","-1","-1","-1","9","11","3","73","2024"
"20800","2024-09-12","Thursday","September","256","37","4","9","12","3","74","2024","366","-1","-1","-1","9","12","3","74","2024"
"20801","2024-09-13","Friday","September","257","37","5","9","13","3","75","2024","366","-1","-1","-1","9","13","3","75","2024"
"20802","2024-09-14","Saturday","September","258","37","6","9","14","3","76","2024","366","-1","-1","-1","9","14","3","76","2024"
"20803","2024-09-15","Sunday","September","259","37","7","9","15","3","77","2024","366","-1","-1","-1","9","15","3","77","2024"
"20804","2024-09-16","Monday","September","260","38","1","9","16","3","78","2024","366","-1","-1","-1","9","16","3","78","2024"
"20805","2024-09-17","Tuesday","September","261","38","2","9","17","3","79","2024","366","-1","-1","-1","9","17","3","79","2024"
"20806","2024-09-18","Wednesday","September","262","38","3","9","18","3","80","2024","366","-1","-1","-1","9","18","3","80","2024"
"20807","2024-09-19","Thursday","September","263","38","4","9","19","3","81","2024","366","-1","-1","-1","9","19","3","81","2024"
"20808","2024-09-20","Friday","September","264","38","5","9","20","3","82","2024","366","-1","-1","-1","9","20","3","82","2024"
"20809","2024-09-21","Saturday","September","265","38","6","9","21","3","83","2024","366","-1","-1","-1","9","21","3","83","2024"
"20810","2024-09-22","Sunday","September","266","38","7","9","22","3","84","2024","366","-1","-1","-1","9","22","3","84","2024"
"20811","2024-09-23","Monday","September","267","39","1","9","23","3","85","2024","366","-1","-1","-1","9","23","3","85","2024"
"20812","2024-09-24","Tuesday","September","268","39","2","9","24","3","86","2024","366","-1","-1","-1","9","24","3","86","2024"
"20813","2024-09-25","Wednesday","September","269","39","3","9","25","3","87","2024","366","-1","-1","-1","9","25","3","87","2024"
"20814","2024-09-26","Thursday","September","270","39","4","9","26","3","88","2024","366","-1","-1","-1","9","26","3","88","2024"
"20815","2024-09-27","Friday","September","271","39","5","9","27","3","89","2024","366","-1","-1","-1","9","27","3","89","2024"
"20816","2024-09-28","Saturday","September","272","39","6","9","28","3","90","2024","366","-1","-1","-1","9","28","3","90","2024"
"20817","2024-09-29","Sunday","September","273","39","7","9","29","3","91","2024","366","-1","-1","-1","9","29","3","91","2024"
"20818","2024-09-30","Monday","September","274","40","1","9","30","3","92","2024","366","-1","-1","-1","9","30","3","92","2024"
"20889","2024-10-01","Tuesday","October","275","40","2","10","1","4","1","2024","366","-1","-1","-1","10","1","4","1","2024"
"20890","2024-10-02","Wednesday","October","276","40","3","10","2","4","2","2024","366","-1","-1","-1","10","2","4","2","2024"
"20891","2024-10-03","Thursday","October","277","40","4","10","3","4","3","2024","366","-1","-1","-1","10","3","4","3","2024"
"20892","2024-10-04","Friday","October","278","40","5","10","4","4","4","2024","366","-1","-1","-1","10","4","4","4","2024"
"20893","2024-10-05","Saturday","October","279","40","6","10","5","4","5","2024","366","-1","-1","-1","10","5","4","5","2024"
"20894","2024-10-06","Sunday","October","280","40","7","10","6","4","6","2024","366","-1","-1","-1","10","6","4","6","2024"
"20895","2024-10-07","Monday","October","281","41","1","10","7","4","7","2024","366","-1","-1","-1","10","7","4","7","2024"
"20896","2024-10-08","Tuesday","October","282","41","2","10","8","4","8","2024","366","-1","-1","-1","10","8","4","8","2024"
"20897","2024-10-09","Wednesday","October","283","41","3","10","9","4","9","2024","366","-1","-1","-1","10","9","4","9","2024"
"20898","2024-10-10","Thursday","October","284","41","4","10","10","4","10","2024","366","-1","-1","-1","10","10","4","10","2024"
"20899","2024-10-11","Friday","October","285","41","5","10","11","4","11","2024","366","-1","-1","-1","10","11","4","11","2024"
"20900","2024-10-12","Saturday","October","286","41","6","10","12","4","12","2024","366","-1","-1","-1","10","12","4","12","2024"
"20901","2024-10-13","Sunday","October","287","41","7","10","13","4","13","2024","366","-1","-1","-1","10","13","4","13","2024"
"20902","2024-10-14","Monday","October","288","42","1","10","14","4","14","2024","366","-1","-1","-1","10","14","4","14","2024"
"20903","2024-10-15","Tuesday","October","289","42","2","10","15","4","15","2024","366","-1","-1","-1","10","15","4","15","2024"
"20904","2024-10-16","Wednesday","October","290","42","3","10","16","4","16","2024","366","-1","-1","-1","10","16","4","16","2024"
"20905","2024-10-17","Thursday","October","291","42","4","10","17","4","17","2024","366","-1","-1","-1","10","17","4","17","2024"
"20906","2024-10-18","Friday","October","292","42","5","10","18","4","18","2024","366","-1","-1","-1","10","18","4","18","2024"
"20907","2024-10-19","Saturday","October","293","42","6","10","19","4","19","2024","366","-1","-1","-1","10","19","4","19","2024"
"20908","2024-10-20","Sunday","October","294","42","7","10","20","4","20","2024","366","-1","-1","-1","10","20","4","20","2024"
"20909","2024-10-21","Monday","October","295","43","1","10","21","4","21","2024","366","-1","-1","-1","10","21","4","21","2024"
"20910","2024-10-22","Tuesday","October","296","43","2","10","22","4","22","2024","366","-1","-1","-1","10","22","4","22","2024"
"20911","2024-10-23","Wednesday","October","297","43","3","10","23","4","23","2024","366","-1","-1","-1","10","23","4","23","2024"
"20912","2024-10-24","Thursday","October","298","43","4","10","24","4","24","2024","366","-1","-1","-1","10","24","4","24","2024"
"20913","2024-10-25","Friday","October","299","43","5","10","25","4","25","2024","366","-1","-1","-1","10","25","4","25","2024"
"20914","2024-10-26","Saturday","October","300","43","6","10","26","4","26","2024","366","-1","-1","-1","10","26","4","26","2024"
"20915","2024-10-27","Sunday","October","301","43","7","10","27","4","27","2024","366","-1","-1","-1","10","27","4","27","2024"
"20916","2024-10-28","Monday","October","302","44","1","10","28","4","28","2024","366","-1","-1","-1","10","28","4","28","2024"
"20917","2024-10-29","Tuesday","October","303","44","2","10","29","4","29","2024","366","-1","-1","-1","10","29","4","29","2024"
"20918","2024-10-30","Wednesday","October","304","44","3","10","30","4","30","2024","366","-1","-1","-1","10","30","4","30","2024"
"20919","2024-10-31","Thursday","October","305","44","4","10","31","4","31","2024","366","-1","-1","-1","10","31","4","31","2024"
"20989","2024-11-01","Friday","November","306","44","5","11","1","4","32","2024","366","-1","-1","-1","11","1","4","32","2024"
"20990","2024-11-02","Saturday","November","307","44","6","11","2","4","33","2024","366","-1","-1","-1","11","2","4","33","2024"
"20991","2024-11-03","Sunday","November","308","44","7","11","3","4","34","2024","366","-1","-1","-1","11","3","4","34","2024"
"20992","2024-11-04","Monday","November","309","45","1","11","4","4","35","2024","366","-1","-1","-1","11","4","4","35","2024"
"20993","2024-11-05","Tuesday","November","310","45","2","11","5","4","36","2024","366","-1","-1","-1","11","5","4","36","2024"
"20994","2024-11-06","Wednesday","November","311","45","3","11","6","4","37","2024","366","-1","-1","-1","11","6","4","37","2024"
"20995","2024-11-07","Thursday","November","312","45","4","11","7","4","38","2024","366","-1","-1","-1","11","7","4","38","2024"
"20996","2024-11-08","Friday","November","313","45","5","11","8","4","39","2024","366","-1","-1","-1","11","8","4","39","2024"
"20997","2024-11-09","Saturday","November","314","45","6","11","9","4","40","2024","366","-1","-1","-1","11","9","4","40","2024"
"20998","2024-11-10","Sunday","November","315","45","7","11","10","4","41","2024","366","-1","-1","-1","11","10","4","41","2024"
"20999","2024-11-11","Monday","November","316","46","1","11","11","4","42","2024","366","-1","-1","-1","11","11","4","42","2024"
"21000","2024-11-12","Tuesday","November","317","46","2","11","12","4","43","2024","366","-1","-1","-1","11","12","4","43","2024"
"21001","2024-11-13","Wednesday","November","318","46","3","11","13","4","44","2024","366","-1","-1","-1","11","13","4","44","2024"
"21002","2024-11-14","Thursday","November","319","46","4","11","14","4","45","2024","366","-1","-1","-1","11","14","4","45","2024"
"21003","2024-11-15","Friday","November","320","46","5","11","15","4","46","2024","366","-1","-1","-1","11","15","4","46","2024"
"21004","2024-11-16","Saturday","November","321","46","6","11","16","4","47","2024","366","-1","-1","-1","11","16","4","47","2024"
"21005","2024-11-17","Sunday","November","322","46","7","11","17","4","48","2024","366","-1","-1","-1","11","17","4","48","2024"
"21006","2024-11-18","Monday","November","323","47","1","11","18","4","49","2024","366","-1","-1","-1","11","18","4","49","2024"
"21007","2024-11-19","Tuesday","November","324","47","2","11","19","4","50","2024","366","-1","-1","-1","11","19","4","50","2024"
"21008","2024-11-20","Wednesday","November","325","47","3","11","20","4","51","2024","366","-1","-1","-1","11","20","4","51","2024"
"21009","2024-11-21","Thursday","November","326","47","4","11","21","4","52","2024","366","-1","-1","-1","11","21","4","52","2024"
"21010","2024-11-22","Friday","November","327","47","5","11","22","4","53","2024","366","-1","-1","-1","11","22","4","53","2024"
"21011","2024-11-23","Saturday","November","328","47","6","11","23","4","54","2024","366","-1","-1","-1","11","23","4","54","2024"
"21012","2024-11-24","Sunday","November","329","47","7","11","24","4","55","2024","366","-1","-1","-1","11","24","4","55","2024"
"21013","2024-11-25","Monday","November","330","48","1","11","25","4","56","2024","366","-1","-1","-1","11","25","4","56","2024"
"21014","2024-11-26","Tuesday","November","331","48","2","11","26","4","57","2024","366","-1","-1","-1","11","26","4","57","2024"
"21015","2024-11-27","Wednesday","November","332","48","3","11","27","4","58","2024","366","-1","-1","-1","11","27","4","58","2024"
"21016","2024-11-28","Thursday","November","333","48","4","11","28","4","59","2024","366","-1","-1","-1","11","28","4","59","2024"
"21017","2024-11-29","Friday","November","334","48","5","11","29","4","60","2024","366","-1","-1","-1","11","29","4","60","2024"
"21018","2024-11-30","Saturday","November","335","48","6","11","30","4","61","2024","366","-1","-1","-1","11","30","4","61","2024"
"21089","2024-12-01","Sunday","December","336","48","7","12","1","4","62","2024","366","-1","-1","-1","12","1","4","62","2024"
"21090","2024-12-02","Monday","December","337","49","1","12","2","4","63","2024","366","-1","-1","-1","12","2","4","63","2024"
"21091","2024-12-03","Tuesday","December","338","49","2","12","3","4","64","2024","366","-1","-1","-1","12","3","4","64","2024"
"21092","2024-12-04","Wednesday","December","339","49","3","12","4","4","65","2024","366","-1","-1","-1","12","4","4","65","2024"
"21093","2024-12-05","Thursday","December","340","49","4","12","5","4","66","2024","366","-1","-1","-1","12","5","4","66","2024"
"21094","2024-12-06","Friday","December","341","49","5","12","6","4","67","2024","366","-1","-1","-1","12","6","4","67","2024"
"21095","2024-12-07","Saturday","December","342","49","6","12","7","4","68","2024","366","-1","-1","-1","12","7","4","68","2024"
"21096","2024-12-08","Sunday","December","343","49","7","12","8","4","69","2024","366","-1","-1","-1","12","8","4","69","2024"
"21097","2024-12-09","Monday","December","344","50","1","12","9","4","70","2024","366","-1","-1","-1","12","9","4","70","2024"
"21098","2024-12-10","Tuesday","December","345","50","2","12","10","4","71","2024","366","-1","-1","-1","12","10","4","71","2024"
"21099","2024-12-11","Wednesday","December","346","50","3","12","11","4","72","2024","366","-1","-1","-1","12","11","4","72","2024"
"21100","2024-12-12","Thursday","December","347","50","4","12","12","4","73","2024","366","-1","-1","-1","12","12","4","73","2024"
"21101","2024-12-13","Friday","December","348","50","5","12","13","4","74","2024","366","-1","-1","-1","12","13","4","74","2024"
"21102","2024-12-14","Saturday","December","349","50","6","12","14","4","75","2024","366","-1","-1","-1","12","14","4","75","2024"
"21103","2024-12-15","Sunday","December","350","50","7","12","15","4","76","2024","366","-1","-1","-1","12","15","4","76","2024"
"21104","2024-12-16","Monday","December","351","51","1","12","16","4","77","2024","366","-1","-1","-1","12","16","4","77","2024"
"21105","2024-12-17","Tuesday","December","352","51","2","12","17","4","78","2024","366","-1","-1","-1","12","17","4","78","2024"
"21106","2024-12-18","Wednesday","December","353","51","3","12","18","4","79","2024","366","-1","-1","-1","12","18","4","79","2024"
"21107","2024-12-19","Thursday","December","354","51","4","12","19","4","80","2024","366","-1","-1","-1","12","19","4","80","2024"
"21108","2024-12-20","Friday","December","355","51","5","12","20","4","81","2024","366","-1","-1","-1","12","20","4","81","2024"
"21109","2024-12-21","Saturday","December","356","51","6","12","21","4","82","2024","366","-1","-1","-1","12","21","4","82","2024"
"21110","2024-12-22","Sunday","December","357","51","7","12","22","4","83","2024","366","-1","-1","-1","12","22","4","83","2024"
"21111","2024-12-23","Monday","December","358","52","1","12","23","4","84","2024","366","-1","-1","-1","12","23","4","84","2024"
"21112","2024-12-24","Tuesday","December","359","52","2","12","24","4","85","2024","366","-1","-1","-1","12","24","4","85","2024"
"21113","2024-12-25","Wednesday","December","360","52","3","12","25","4","86","2024","366","-1","-1","-1","12","25","4","86","2024"
"21114","2024-12-26","Thursday","December","361","52","4","12","26","4","87","2024","366","-1","-1","-1","12","26","4","87","2024"
"21115","2024-12-27","Friday","December","362","52","5","12","27","4","88","2024","366","-1","-1","-1","12","27","4","88","2024"
"21116","2024-12-28","Saturday","December","363","52","6","12","28","4","89","2024","366","-1","-1","-1","12","28","4","89","2024"
"21117","2024-12-29","Sunday","December","364","52","7","12","29","4","90","2024","366","-1","-1","-1","12","29","4","90","2024"
"21118","2024-12-30","Monday","December","365","1","1","12","30","4","91","2024","366","-1","-1","-1","12","30","4","91","2024"
"21119","2024-12-31","Tuesday","December","366","1","2","12","31","4","92","2024","366","-1","-1","-1","12","31","4","92","2024"